"X";"Y";"gid";"CdStationHydro";"CdStationHydroAncienRef";"LbStationHydro";"TypStationHydro";"CdCommune";"CdZoneHydro";"CdEntiteHydrographique";"CdTronconHydrographique";"DtMiseServiceStationHydro";"DtFermetureStationHydro";"CdIntervenant";"NomIntervenant";"LbAffichageStationHydro";"DtMAJStationHydro";"DroitPublicationStationHydro";"InfluLocaleStationHydro";"EssaiStationHydro";"CoordXStationHydro";"CoordYStationHydro";"ProjCoordStationHydro";"LbTerritoire"
"-1.07190802219958";"48.4869591820373";1412;"I912201001";"I9122010";"L'Airon à Louvigné-du-Désert - Moulin du Pont";"LIMNI";35162;"I916";"I91-0400";"I9160400";"1972-12-01 12:00:00+00";"2002-07-09 13:50:00+00";13000962400011;"DREAL Basse-Normandie";"HydroPortail/Hydro 2";"2016-07-12 06:24:48+00";10;1;"f";399243;6828501;26;"Métropole"
"-1.19645073591889";"48.3755829749249";1419;"J001401001";"J0014010";"Le Nançon à Lécousse - Pont aux Anes";"LIMNI";35150;"J001";"J0014000";"J0014000";"1980-02-01 00:00:00+00";;13001000200017;"DREAL Bretagne";"HydroPortail/Hydro 2";"2016-07-12 06:25:34+00";10;1;"f";389395;6816620;26;"Métropole"
"-1.20000525078179";"48.3740334461595";1420;"J001401002";"J0014020";"Le Nançon à Lécousse - Aval moulin";"LIMNI";35150;"J001";"J0014000";"J0014000";"1968-10-01 00:00:00+00";"1980-02-01 00:00:00+00";13001000200017;"DREAL Bretagne";"HydroPortail/Hydro 2";"2016-07-12 06:25:03+00";10;1;"f";389123;6816462;26;"Métropole"
"-1.43075075499128";"48.3120962089842";1421;"J010151001";;"Le Couesnon à Mézières-sur-Couesnon - La Roche";"LIMNI";35178;"J010";"J0--0150";"J0100150";"1971-08-20 10:00:00+00";"1978-12-27 10:00:00+00";13001000200017;"DREAL Bretagne";"HydroPortail";"2016-07-12 06:25:34+00";10;1;"f";371675;6810522;26;"Métropole"
"-1.50378590273637";"48.3654707510147";1422;"J012151001";"J0121510";"Le Couesnon à Romazy - La Mondrais";"LIMNI";35244;"J012";"J0--0150";"J0120150";"1967-11-18 12:00:00+00";;13001000200017;"DREAL Bretagne";"HydroPortail/Hydro 2";"2016-07-12 06:25:34+00";10;3;"f";366607;6816751;26;"Métropole"
"-1.43581539322229";"48.4279323212015";1423;"J014401001";"J0144010";"La Loisance à Saint-Ouen-la-Rouërie - Moulin Neuf";"LIMNI";35303;"J014";"J014400A";"J0144000";"1968-08-01 12:00:00+00";;13001000200017;"DREAL Bretagne";"HydroPortail/Hydro 2";"2016-07-12 06:25:34+00";10;1;"f";372023;6823398;26;"Métropole"
"-1.32368642853461";"48.4065232735492";1424;"J014421001";"J0144210";"La Loisance à Saint-Étienne-en-Coglès - La Cour";"LIMNI";35267;"J014";"J014400A";"J0144000";"1985-05-30 00:00:00+00";"1985-11-27 00:00:00+00";13001000200017;"DREAL Bretagne";"HydroPortail/Hydro 2";"2016-07-12 06:25:34+00";10;1;"f";380175;6820562;26;"Métropole"
"-1.688678545659";"48.5259987618665";1425;"J032301001";"J0323010";"Le Guyoult à Epiniac - La Vieux-Ville";"LIMNI";35104;"J032";"J03-0300";"J0320300";"1967-11-01 12:00:00+00";;13001000200017;"DREAL Bretagne";"HydroPortail/Hydro 2";"2016-07-12 06:25:34+00";10;1;"f";353995;6835360;26;"Métropole"
"-1.86084136331264";"48.5127117266089";1426;"J040761001";"J0407610";"Le Meleuc à Plerguer - Pont D 676";"LIMNI";35224;"J040";"J0406500";"J0406500";"1970-12-01 12:00:00+00";"1975-01-07 00:00:00+00";13001000200017;"DREAL Bretagne";"HydroPortail/Hydro 2";"2016-07-12 06:25:33+00";10;1;"f";341215;6834654;26;"Métropole"
"-2.16761786162724";"48.2541067787657";1427;"J061161001";"J0611610";"La Rance à Saint-Jouan-de-l'Isle - Pont Rimbert";"LIMNI";22305;"J061";"J0--016A";"J0610160";"1984-09-18 00:00:00+00";;13001000200017;"DREAL Bretagne";"HydroPortail/Hydro 2";"2016-07-12 06:25:33+00";10;1;"f";316723;6807409;26;"Métropole"
"-2.0611414510965";"48.3195215586903";1428;"J062161001";"J0621610";"La Rance à Guenroc - Rophemel";"LIMNI";22069;"J062";"J0--016A";"J0620160";"1937-01-01 12:00:00+00";;55208131766522;"EDF";"HydroPortail/Hydro 2";"2016-07-12 06:25:33+00";10;1;"f";325075;6814153;26;"Métropole"
"-2.04299780065274";"48.2726850356202";1429;"J062661001";"J0626610";"Le Néal à Médréac - Pont D 220";"LIMNI";35171;"J062";"J0626600";"J0626600";"1967-12-01 00:00:00+00";;13001000200017;"DREAL Bretagne";"HydroPortail/Hydro 2";"2016-07-12 06:25:33+00";10;1;"f";326085;6808872;26;"Métropole"
"-2.08134370273834";"48.5658095210831";1430;"J100451001";"J1004510";"Le Frémur [de Lancieux] à Tréméreuc - La Crochais";"LIMNI";22368;"J100";"J1004000";"J1004000";"1971-12-01 12:00:00+00";"1991-02-02 00:00:00+00";13001000200017;"DREAL Bretagne";"HydroPortail/Hydro 2";"2016-07-12 06:25:33+00";10;1;"f";325341;6841569;26;"Métropole"
"-2.07475449564179";"48.5506590048794";1431;"J100452001";"J1004520";"Le Frémur [de Lancieux] à Pleslin-Trigavou - Vieux Moulin";"LIMNI";22190;"J100";"J1004000";"J1004000";"1991-10-17 00:00:00+00";;13001000200017;"DREAL Bretagne";"HydroPortail/Hydro 2";"2016-07-12 06:25:33+00";10;1;"f";325718;6839857;26;"Métropole"
"-2.3333724176472";"48.4026685741361";1432;"J110301001";"J1103010";"L'Arguenon à Jugon-les-Lacs [amont Rosette] - Bois Léard";"LIMNI";22084;"J110";"J11-0300";"J1100300";"1972-01-03 00:00:00+00";;13001000200017;"DREAL Bretagne";"HydroPortail/Hydro 2";"2016-07-12 06:25:33+00";10;1;"f";305562;6824701;26;"Métropole"
"-2.38321574392673";"48.3711776692079";1433;"J110581001";"J1105810";"Le ruisseau le Quiloury [Le Quilloury] à Plénée-Jugon - La Salle ès Pies";"LIMNI";22185;"J110";"J1105800";"J1105800";"1999-10-28 00:00:00+00";;13001000200017;"DREAL Bretagne";"HydroPortail/Hydro 2";"2016-07-12 06:25:33+00";10;1;"f";301643;6821459;26;"Métropole"
"-2.24839417849422";"48.364962032788";1434;"J111401001";"J1114010";"La Rosette à Mégrit - Pont D 19";"LIMNI";22145;"J111";"J1114000";"J1114000";"1973-03-01 00:00:00+00";;13001000200017;"DREAL Bretagne";"HydroPortail/Hydro 2";"2016-07-12 06:25:33+00";10;1;"f";311559;6820098;26;"Métropole"
"-2.32254973567391";"48.4591413326629";1435;"J112301001";"J1123010";"L'Arguenon à Plédéliac - Tournemine";"LIMNI";22175;"J112";"J11-0300";"J1120300";"1968-07-22 12:00:00+00";"1972-12-21 12:00:00+00";13001000200017;"DREAL Bretagne";"HydroPortail/Hydro 2";"2016-07-12 06:25:33+00";10;1;"f";306784;6830910;26;"Métropole"
"-2.29498145247352";"48.492086444714";1436;"J112303001";"J1123030";"L'Arguenon à Pléven [aval barrage Ville-Hatte]";"DEB";22200;"J112";"J11-0300";"J1120300";"1998-01-01 00:00:00+00";;13001000200017;"DREAL Bretagne";"HydroPortail/Hydro 2";"2016-07-12 06:25:33+00";10;3;"f";309063;6834427;26;"Métropole"
"-2.36020920836408";"48.5938729824457";1437;"J120541001";"J1205410";"Le Frémur [d'Hénanbihen] à Hénanbihen - Montbran";"LIMNI";22076;"J120";"J1204000";"J1204000";"2009-03-01 00:00:00+00";;13001000200017;"DREAL Bretagne";"HydroPortail/Hydro 2";"2016-07-12 06:25:33+00";10;1;"f";305022;6846041;26;"Métropole"
"-2.56796300931151";"48.4845624409227";1438;"J131301001";"J1313010";"Le Gouessant à Andel - Le Quingueret";"LIMNI";22002;"J131";"J13-0300";"J1310300";"1979-10-10 16:30:00+00";;13001000200017;"DREAL Bretagne";"Vigicrues/HydroPortail/Hydro 2";"2016-11-28 14:54:53+00";10;1;"f";288882;6834979;26;"Métropole"
"-2.60606284133302";"48.4903250069401";1439;"J132401001";"J1324010";"L'Evron à Coëtmieux - La Rue";"LIMNI";22044;"J132";"J1324000";"J1324000";"1982-08-10 10:30:00+00";;13001000200017;"DREAL Bretagne";"HydroPortail/Hydro 2";"2016-12-01 06:48:22+00";10;1;"f";286119;6835817;26;"Métropole"
"-2.75196235204164";"48.4667858599122";1440;"J140531001";"J1405310";"L'Urne à Plédran - Magenta";"LIMNI";22176;"J140";"J1404000";"J1404000";"1993-06-22 00:00:00+00";;13001000200017;"DREAL Bretagne";"HydroPortail/Hydro 2";"2016-12-01 06:47:04+00";10;1;"f";275176;6833982;26;"Métropole"
"-2.75165031978222";"48.4681449915149";1441;"J140711001";"J1407110";"[Le Creac'h] à Plédran - Pont D 27";"LIMNI";22176;"J140";"J1407100";"J1407100";"1993-06-22 00:00:00+00";"1999-06-07 13:30:00+00";13001000200017;"DREAL Bretagne";"HydroPortail/Hydro 2";"2016-07-12 06:25:33+00";10;1;"f";275210;6834131;26;"Métropole"
"-2.9285494366822";"48.4171427614312";1442;"J150621001";"J1506220";"[La Noë Sèche] au Fil - Pont D 7";"LIMNI";22059;"J150";"J1506200";"J1506200";"1981-03-19 00:00:00+00";"1984-07-12 00:00:00+00";13001000200017;"DREAL Bretagne";"HydroPortail/Hydro 2";"2016-07-12 06:25:33+00";10;1;"f";261744;6829444;26;"Métropole"
"-2.83333375658292";"48.4465532739369";1443;"J151301001";"J1513010";"Le Gouët à Saint-Julien - La Saudraie";"LIMNI";22307;"J151";"J15-0300";"J1510300";"1978-03-31 12:00:00+00";;13001000200017;"DREAL Bretagne";"Vigicrues/HydroPortail/Hydro 2";"2016-12-01 06:49:48+00";10;1;"f";269011;6832180;26;"Métropole"
"-2.84177650082287";"48.4904475149029";1444;"J152301001";"J1523010";"Le Gouët à Ploufragan - Pont Noir";"LIMNI";22215;"J152";"J15-0300";"J1520300";"1971-07-28 12:15:00+00";"1978-01-05 14:10:00+00";13001000200017;"DREAL Bretagne";"HydroPortail/Hydro 2";"2016-07-12 06:25:35+00";10;1;"f";268749;6837092;26;"Métropole"
"-2.82723075011535";"48.5102324855068";1445;"J152302001";"J1523020";"Le Gouët à Ploufragan [aval retenue de La Méaugon] - Saint Barthélémy";"LIMNI";22215;"J152";"J15-0300";"J1520300";"1978-12-01 12:00:00+00";;13001000200017;"DREAL Bretagne";"HydroPortail/Hydro 2";"2016-12-01 06:51:19+00";10;3;"f";269983;6839206;26;"Métropole"
"-2.84808976279604";"48.467494121147";1446;"J152401001";"J1524010";"La Maudouve à Saint-Donan - La Ville ès Ruelle";"LIMNI";22287;"J152";"J1524000";"J1524000";"1990-10-31 00:02:00+00";;13001000200017;"DREAL Bretagne";"HydroPortail/Hydro 2";"2016-12-01 06:54:16+00";10;1;"f";268095;6834582;26;"Métropole"
"-2.85245457659634";"48.6010968267703";1447;"J161401001";"J1614010";"L'Ic à Binic - Saint Gilles";"LIMNI";22007;"J161";"J1614000";"J1614000";"2001-08-29 00:00:00+00";;13001000200017;"DREAL Bretagne";"HydroPortail/Hydro 2";"2016-07-12 06:25:33+00";10;1;"f";268873;6849417;26;"Métropole"
"-3.11450307959697";"48.4832183402332";1448;"J171171001";"J1711710";"Le Trieux à Saint-Péver - Pont Locminé";"LIMNI";22322;"J171";"J1--0170";"J1710170";"1980-10-16 00:00:00+00";;13001000200017;"DREAL Bretagne";"Vigicrues/HydroPortail/Hydro 2";"2016-12-16 13:32:15+00";10;1;"f";248593;6837815;26;"Métropole"
"-3.14314744874369";"48.6120907126359";1449;"J172171001";"J1721710";"Le Trieux à Trégonneau - Pont Broc'hen";"LIMNI";22358;"J172";"J1--0170";"J1720170";"1928-12-01 00:00:00+00";"1981-01-01 00:00:00+00";13001000200017;"DREAL Bretagne";"HydroPortail/Hydro 2";"2016-07-12 06:25:35+00";10;1;"f";247596;6852262;26;"Métropole"
"-3.16707710418748";"48.6901033583326";1450;"J172172001";"J1721720";"Le Trieux à Saint-Clet - Chateaulin";"LIMNI";22283;"J172";"J1--0170";"J1720170";"1989-11-14 00:00:00+00";;13001000200017;"DREAL Bretagne";"HydroPortail/Hydro 2";"2016-07-12 06:25:33+00";10;1;"f";246514;6861046;26;"Métropole"
"-3.15771783916285";"48.6716507380151";1451;"J172172002";"J1721730";"Le Trieux à Saint-Clet - Rocher du Corbeau";"LIMNI";22283;"J172";"J1--0170";"J1720170";"1900-12-12 12:12:00+00";"1986-01-17 12:00:00+00";13001000200017;"DREAL Bretagne";"HydroPortail/Hydro 2";"2016-07-12 06:25:33+00";10;1;"f";247041;6858947;26;"Métropole"
"-2.95126152375438";"48.481872082609";1452;"J180301001";"J1803010";"Le Leff à Boqueho - Pont Clevio";"LIMNI";22011;"J180";"J18-0300";"J1800300";"1995-03-21 11:23:00+00";;13001000200017;"DREAL Bretagne";"HydroPortail/Hydro 2";"2016-12-01 06:55:25+00";10;1;"f";260610;6836745;26;"Métropole"
"-3.06818894403178";"48.7059026686053";1453;"J181301001";"J1813010";"Le Leff à Quemper-Guézennec - Rivoallan";"LIMNI";22256;"J181";"J18-0300";"J1810300";"1972-08-01 00:00:00+00";;13001000200017;"DREAL Bretagne";"HydroPortail/Hydro 2";"2016-07-12 06:25:33+00";10;1;"f";253906;6862234;26;"Métropole"
"-3.27031089966618";"48.7138350183626";1454;"J202301001";"J2023010";"Le Jaudy à Mantallot - Kerbrido";"LIMNI";22141;"J202";"J20-0300";"J2020300";"1981-11-01 00:00:00+00";;13001000200017;"DREAL Bretagne";"HydroPortail/Hydro 2";"2016-07-12 06:25:28+00";10;1;"f";239148;6864274;26;"Métropole"
"-3.25664611664914";"48.7825554508703";1455;"J203401001";"J2034010";"Le Guindy à Plouguiel - Kerallio";"LIMNI";22221;"J203";"J2034000";"J2034000";"1984-07-30 00:00:00+00";;13001000200017;"DREAL Bretagne";"HydroPortail/Hydro 2";"2016-07-12 06:25:33+00";10;1;"f";240755;6871811;26;"Métropole"
"-3.58915382163984";"48.5027487049637";1456;"J221311001";"J2213110";"Le Guic à Guerlesquin - Kerret";"LIMNI";29067;"J221";"J22-0310";"J2210310";"1982-09-02 12:00:00+00";;13001000200017;"DREAL Bretagne";"HydroPortail/Hydro 2";"2016-07-12 06:25:32+00";10;1;"f";213811;6842797;26;"Métropole"
"-3.56309904225051";"48.52311456804";1457;"J221312001";"J2213120";"Le Guic à Guerlesquin [aval retenue Guerlesquin] - Trogoaredec";"LIMNI";29067;"J221";"J22-0310";"J2210310";"1982-08-31 00:00:00+00";;13001000200017;"DREAL Bretagne";"HydroPortail/Hydro 2";"2016-07-12 06:25:32+00";10;3;"f";215917;6844893;26;"Métropole"
"-3.48674511992696";"48.5315574097333";32;"J221571001";"J2215710";"Le Saint Emilion à Loguivy-Plougras - Milin Lesdu";"LIMNI";22131;"J221";"J2215700";;"1976-04-28 16:00:00+00";"1976-10-29 00:00:00+00";13001000200017;"DREAL Bretagne";"HydroPortail/Hydro 2";"2016-07-12 06:25:33+00";10;;"f";221613;6845363;26;"Métropole"
"-3.3984236832916";"48.5470939504725";1458;"J223301001";"J2233010";"Le Léguer à Belle-Isle-en-Terre - Terrain de football";"LIMNI";22005;"J223";"J22-0300";"J2230300";"1972-08-22 00:00:00+00";;13001000200017;"DREAL Bretagne";"Vigicrues/HydroPortail/Hydro 2";"2016-07-12 06:25:33+00";10;1;"f";228252;6846553;26;"Métropole"
"-3.41435496732653";"48.6357801065476";1459;"J223302001";"J2233020";"Le Léguer à Pluzunet - Pont Coat Dunois";"LIMNI";22245;"J223";"J22-0300";"J2230300";"1993-02-11 00:00:00+00";;13001000200017;"DREAL Bretagne";"HydroPortail/Hydro 2";"2016-07-12 06:25:33+00";10;1;"f";227880;6856475;26;"Métropole"
"-3.4598376460492";"48.6868800602372";1460;"J224401001";"J2244010";"Le Kerlouzouen [Le Min Ran] à Ploubezre - Kerhervé";"LIMNI";22211;"J224";"J2244000";"J2244000";"1980-06-18 14:00:00+00";"1981-07-01 15:00:00+00";13001000200017;"DREAL Bretagne";"HydroPortail/Hydro 2";"2016-07-12 06:25:33+00";10;1;"f";225004;6862410;26;"Métropole"
"-3.5774706281144";"48.6468584098385";1461;"J231491001";"J2314910";"Le Yar à Tréduder - Milin ar Veuzit";"LIMNI";22350;"J231";"J2314000";"J2314000";"1981-06-01 00:00:00+00";;13001000200017;"DREAL Bretagne";"HydroPortail/Hydro 2";"2016-07-12 06:25:32+00";10;1;"f";216004;6858690;26;"Métropole"
"-3.64567212159071";"48.5561971072852";1462;"J240401001";"J2404010";"Le Douron au Ponthou - Coat Don";"LIMNI";29219;"J240";"J2404000";"J2404000";"1989-03-15 00:00:00+00";;13001000200017;"DREAL Bretagne";"HydroPortail/Hydro 2";"2016-07-12 06:25:32+00";10;1;"f";210150;6849067;26;"Métropole"
"-3.7686566613089";"48.6082192912664";1463;"J251401001";"J2514010";"Le Dourduff à Garlan - Pont St Hubert";"LIMNI";29059;"J251";"J2514000";"J2514000";"1966-07-01 12:00:00+00";;13001000200017;"DREAL Bretagne";"HydroPortail/Hydro 2";"2016-07-12 06:25:32+00";10;1;"f";201602;6855599;26;"Métropole"
"-3.80033086029356";"48.5667557731844";1464;"J260301001";"J2603010";"Le Jarlot à Plougonven - Berlingar";"LIMNI";29191;"J260";"J26-0300";"J2600300";"1966-07-01 12:00:00+00";;13001000200017;"DREAL Bretagne";"HydroPortail/Hydro 2";"2016-07-12 06:25:32+00";10;1;"f";198879;6851207;26;"Métropole"
"-3.8086577286428";"48.5698989632105";1465;"J260301501";"J2603015";"Le Jarlot à Morlaix - Lannidy";"LIMNI";29151;"J260";"J26-0300";"J2600300";"1989-06-08 00:00:00+00";;13001000200017;"DREAL Bretagne";"Vigicrues/HydroPortail/Hydro 2";"2016-07-12 06:25:32+00";10;1;"f";198297;6851608;26;"Métropole"
"-3.79689519894051";"48.5669074428405";1466;"J260541001";"J2605410";"Le Tromorgant à Plougonven - Compezou";"LIMNI";29191;"J260";"J2605400";"J2605400";"1976-11-01 12:00:00+00";;13001000200017;"DREAL Bretagne";"HydroPortail/Hydro 2";"2016-07-12 06:25:32+00";10;1;"f";199133;6851202;26;"Métropole"
"-3.81775841141623";"48.4627569398835";1467;"J261400501";;"Le Queffleuth à Plounéour-Ménez - Le Plessis";"LIMNI";29202;"J261";"J2614000";"J2614000";"1991-09-30 00:00:00+00";;13001000200017;"DREAL Bretagne";"Vigicrues/HydroPortail";"2016-07-12 06:25:32+00";10;1;"f";196601;6839800;26;"Métropole"
"-3.83171756616601";"48.547824548512";1468;"J261401001";"J2614010";"Le Queffleuth à Plourin-lès-Morlaix - Lesquifiou";"LIMNI";29207;"J261";"J2614000";"J2614000";"1966-06-28 12:00:00+00";"1989-01-11 14:30:00+00";13001000200017;"DREAL Bretagne";"HydroPortail/Hydro 2";"2016-07-12 06:25:32+00";10;1;"f";196390;6849310;26;"Métropole"
"-3.83652204522143";"48.5678276317395";1469;"J261401002";"J2614020";"Le Queffleuth à Plourin-lès-Morlaix - Les Trois Chênes";"LIMNI";29207;"J261";"J2614000";"J2614000";"1988-12-01 12:00:00+00";;13001000200017;"DREAL Bretagne";"Vigicrues/HydroPortail/Hydro 2";"2016-07-12 06:25:32+00";10;1;"f";196229;6851556;26;"Métropole"
"-3.83805306498077";"48.5877481166514";1470;"J262301001";;"Le Jarlot [La Rivière de Morlaix] à Morlaix - Les Ecluses - amont";"LIMNI";29151;"J262";"J26-0300";"J2620300";"1993-09-17 00:00:00+00";;13001000200017;"DREAL Bretagne";"Vigicrues/HydroPortail";"2016-07-12 06:25:32+00";10;;"f";196308;6853772;26;"Métropole"
"-3.83828075079265";"48.588655972731";1471;"J262301002";;"Le Jarlot [La Rivière de Morlaix] à Morlaix - Les Ecluses - aval";"LIMNI";29151;"J262";"J26-0300";"J2620300";"1991-01-01 00:00:00+00";;13001000200017;"DREAL Bretagne";"Vigicrues/HydroPortail";"2016-07-12 06:25:32+00";10;;"f";196300;6853874;26;"Métropole"
"-3.92356275780725";"48.585961464956";1472;"J272301001";"J2723010";"La Penzé à Taulé - Penhoat";"LIMNI";29279;"J272";"J27-0300";"J2720300";"1964-11-01 12:00:00+00";;13001000200017;"DREAL Bretagne";"HydroPortail/Hydro 2";"2016-07-12 06:25:34+00";10;1;"f";190008;6854123;26;"Métropole"
"-4.0250625475992";"48.626651414565";1473;"J301431001";"J3014310";"L'Horn à Mespaul - Pont Milin";"LIMNI";29148;"J301";"J3014000";"J3014000";"1966-06-18 12:00:00+00";"2010-02-16 11:00:00+00";13001000200017;"DREAL Bretagne";"HydroPortail/Hydro 2";"2016-07-12 06:25:32+00";10;3;"f";182953;6859289;26;"Métropole"
"-4.01917372529118";"48.6757640094015";1474;"J301432001";"J3014320";"L'Horn à Saint-Pol-de-Léon - Kerhoant";"LIMNI";29259;"J301";"J3014000";"J3014000";"1966-06-24 12:00:00+00";"1975-01-01 00:00:00+00";13001000200017;"DREAL Bretagne";"HydroPortail/Hydro 2";"2016-07-12 06:25:32+00";10;1;"f";183870;6864689;26;"Métropole"
"-4.01415601312294";"48.6048907285767";1475;"J301433001";"J3014330";"L'Horn à Mespaul - Kertanguy";"LIMNI";29148;"J301";"J3014000";"J3014000";"1990-06-26 12:00:00+00";;13001000200017;"DREAL Bretagne";"HydroPortail/Hydro 2";"2016-07-12 06:25:32+00";10;1;"f";183539;6856808;26;"Métropole"
"-4.07636221522717";"48.615957172368";1476;"J302401001";"J3024010";"Le Guillec à Trézilidé - Kermerien";"LIMNI";29301;"J302";"J3024000";"J3024000";"1966-06-08 12:00:00+00";;13001000200017;"DREAL Bretagne";"HydroPortail/Hydro 2";"2016-07-12 06:25:32+00";10;1;"f";179081;6858442;26;"Métropole"
"-4.17230360669276";"48.6479202101811";1477;"J310401001";"J3104010";"Le Kerallé [Le ruisseau de Kernic] à Plouescat - Kerret";"LIMNI";29185;"J310";"J3104000";"J3104000";"1967-01-01 12:00:00+00";"1975-01-01 00:00:00+00";13001000200017;"DREAL Bretagne";"HydroPortail/Hydro 2";"2016-07-12 06:25:32+00";10;1;"f";172360;6862618;26;"Métropole"
"-4.29054477368591";"48.5854839399999";1478;"J311401001";"J3114010";"Le Quillimadec à Plouider - Coatiguinou";"LIMNI";29198;"J311";"J3114000";"J3114000";"1966-06-13 12:00:00+00";"1982-09-11 13:00:00+00";13001000200017;"DREAL Bretagne";"HydroPortail/Hydro 2";"2016-07-12 06:25:32+00";10;1;"f";163046;6856503;26;"Métropole"
"-4.34467500040029";"48.5503537671347";1479;"J320401001";"J3204010";"L'Aber Vrac'h à Ploudaniel - Roch-Huez";"LIMNI";29179;"J320";"J3204000";"J3204000";"1966-07-19 12:00:00+00";"1978-01-01 00:00:00+00";13001000200017;"DREAL Bretagne";"HydroPortail/Hydro 2";"2016-07-12 06:25:32+00";10;1;"f";158708;6852984;26;"Métropole"
"-4.3898058964707";"48.5494292735003";1480;"J320402001";"J3204020";"L'Aber Vrac'h à Lanarvily - le Mingant";"LIMNI";29100;"J320";"J3204000";"J3204000";"1993-05-12 00:00:00+00";"2011-08-31 00:00:00+00";13001000200017;"DREAL Bretagne";"HydroPortail/Hydro 2";"2016-07-12 06:25:20+00";10;1;"f";155382;6853192;26;"Métropole"
"-4.4004850856085";"48.5570937387688";1481;"J320402002";"J3204030";"L'Aber Vrac'h à Loc-Brévalaire - Pont D 38";"LIMNI";29126;"J320";"J3204000";"J3204000";"2009-03-01 00:00:00+00";;13001000200017;"DREAL Bretagne";"HydroPortail/Hydro 2";"2016-07-12 06:25:32+00";10;2;"f";154677;6854114;26;"Métropole"
"-4.3616252216708";"48.5312782094716";1482;"J320571001";"J3205710";"[L'Aber Wrac'h (branche ouest)] au Drennec - Kerneguez";"LIMNI";29047;"J320";"J3205700";"J3205700";"1966-06-23 00:00:00+00";;13001000200017;"DREAL Bretagne";"HydroPortail/Hydro 2";"2016-07-12 06:25:32+00";10;1;"f";157265;6850989;26;"Métropole"
"-4.42049691892228";"48.5257732108449";1483;"J321302001";"J3213010";"L'Aber Benoît à Plabennec - Taulé";"LIMNI";29160;"J321";"J32-0300";"J3210300";"1966-07-01 00:00:00+00";"1978-09-29 00:00:00+00";13001000200017;"DREAL Bretagne";"HydroPortail/Hydro 2";"2016-07-12 06:24:46+00";10;1;"f";152880;6850786;26;"Métropole"
"-4.4067224858154";"48.5241771224891";1484;"J321302002";"J3213020";"L'Aber Benoît à Plabennec - Loc Maria";"LIMNI";29160;"J321";"J32-0300";"J3210300";"1978-10-06 00:00:00+00";;13001000200017;"DREAL Bretagne";"HydroPortail/Hydro 2";"2016-07-12 06:25:32+00";10;1;"f";153876;6850514;26;"Métropole"
"-4.65145813124269";"48.4427812246353";1485;"J332302001";"J3313010";"L'Aber Ildut à Plouarzel - Locronan-vian";"LIMNI";29177;"J332";"J33-0300";"J3320300";"1967-06-15 09:00:00+00";"1977-10-01 10:00:00+00";13001000200017;"DREAL Bretagne";"HydroPortail/Hydro 2";"2016-07-12 06:25:32+00";10;1;"f";135011;6843229;26;"Métropole"
"-4.68096445692076";"48.4556479904188";1486;"J332302002";"J3323020";"L'Aber Ildut à Brélès - Keringar";"LIMNI";29017;"J332";"J33-0300";"J3320300";"1977-11-23 00:00:00+00";;13001000200017;"DREAL Bretagne";"HydroPortail/Hydro 2";"2016-07-12 06:25:32+00";10;2;"f";132978;6844864;26;"Métropole"
"-4.72081372928473";"48.3842628199038";1487;"J333541001";"J3335410";"Le Kerescar [Le ruisseau de Kermorvan] à Trébabu - La Haie";"LIMNI";29282;"J333";"J3334000";"J3334000";"1967-02-01 12:00:00+00";"1974-01-01 00:00:00+00";13001000200017;"DREAL Bretagne";"HydroPortail/Hydro 2";"2016-07-12 06:25:32+00";10;1;"f";129271;6837254;26;"Métropole"
"-4.02402535524568";"48.3899865361412";1488;"J340301001";"J3403010";"L'Elorn à Sizun [aval retenue du Drennec] - Le Drennec";"LIMNI";29277;"J340";"J34-0300";"J3400300";"1975-07-31 11:30:00+00";;13001000200017;"DREAL Bretagne";"HydroPortail/Hydro 2";"2016-07-12 06:25:32+00";10;3;"f";180692;6833078;26;"Métropole"
"-3.99997649051713";"48.3845662506951";1489;"J340302001";"J3403020";"L'Elorn à Commana - Kerfornedic";"LIMNI";29038;"J340";"J34-0300";"J3400300";"1983-07-06 11:30:00+00";;13001000200017;"DREAL Bretagne";"HydroPortail/Hydro 2";"2016-07-12 06:25:20+00";10;1;"f";182412;6832320;26;"Métropole"
"-3.99406498892802";"48.3971816528926";1490;"J340411001";"J3404110";"[Le ruisseau de Mougau Bihan] à Commana - Moulin Neuf";"LIMNI";29038;"J340";"J3404100";"J3404100";"1983-07-06 12:00:00+00";;13001000200017;"DREAL Bretagne";"HydroPortail/Hydro 2";"2016-07-12 06:25:32+00";10;1;"f";182972;6833678;26;"Métropole"
"-4.21566677398593";"48.4694188235768";1491;"J341301001";"J3413010";"L'Elorn à la Roche-Maurice - Pont ar Bled";"LIMNI";29237;"J341";"J34-0300";"J3410300";"1964-12-01 00:00:00+00";"1969-01-01 00:00:00+00";13001000200017;"DREAL Bretagne";"HydroPortail/Hydro 2";"2016-07-12 06:25:32+00";10;1;"f";167368;6843148;26;"Métropole"
"-4.14429445903801";"48.4858504236699";1492;"J341302001";"J3413020";"L'Elorn à Ploudiry - Kerfaven";"LIMNI";29180;"J341";"J34-0300";"J3410300";"1969-12-01 12:00:00+00";"2013-01-09 16:35:00+00";13001000200017;"DREAL Bretagne";"HydroPortail/Hydro 2";"2016-07-12 06:25:34+00";10;3;"f";172787;6844488;26;"Métropole"
"-4.22013729917361";"48.4694263694314";1493;"J341303001";"J3413030";"L'Elorn à Plouédern - Pont ar Bled";"LIMNI";29181;"J341";"J34-0300";"J3410300";"1984-12-11 12:00:00+00";;13001000200017;"DREAL Bretagne";"HydroPortail/Hydro 2";"2016-07-12 06:25:32+00";10;1;"f";167039;6843179;26;"Métropole"
"-4.27720548136704";"48.4617678027778";1494;"J342481001";"J3424810";"[Le Tourous] à Landerneau [amont] - Penguelen";"LIMNI";29103;"J342";"J3424900";"J3424900";"1986-10-01 00:00:00+00";"1988-02-18 00:00:00+00";13001000200017;"DREAL Bretagne";"HydroPortail/Hydro 2";"2016-07-12 06:25:32+00";10;1;"f";162760;6842718;26;"Métropole"
"-4.26693973608854";"48.453571720267";1495;"J342482001";"J3424820";"[Le Tourous] à Landerneau [aval] - Tremaria";"LIMNI";29103;"J342";"J3424900";"J3424900";"1986-10-01 00:00:00+00";"1988-02-18 00:00:00+00";13001000200017;"DREAL Bretagne";"HydroPortail/Hydro 2";"2016-07-12 06:25:32+00";10;1;"f";163432;6841741;26;"Métropole"
"-4.2146089210988";"48.3869025771838";1496;"J351401001";"J3514010";"La Mignonne à Irvillac - Pont Mel";"LIMNI";29086;"J351";"J3514000";"J3514000";"1971-04-07 12:00:00+00";;13001000200017;"DREAL Bretagne";"HydroPortail/Hydro 2";"2016-07-12 06:25:18+00";10;1;"f";166609;6834007;26;"Métropole"
"-3.66767951962712";"48.3891943566974";1497;"J360181001";"J3601810";"L'Aulne à Scrignac - Le Goask";"LIMNI";29275;"J360";"J3--0180";"J3600180";"1974-06-01 12:00:00+00";;13001000200017;"DREAL Bretagne";"HydroPortail/Hydro 2";"2016-07-12 06:25:32+00";10;1;"f";206966;6830706;26;"Métropole"
"-3.87242472398041";"48.354208417112";1498;"J362401001";"J3624010";"L'Ellez à Brennilis - Aval retenue St Michel";"LIMNI";29018;"J362";"J3624000";"J3624000";"1991-12-13 00:00:00+00";;13001000200017;"DREAL Bretagne";"HydroPortail/Hydro 2";"2016-07-12 06:24:46+00";10;3;"f";191526;6828130;26;"Métropole"
"-3.6968438657582";"48.276329964624";1499;"J362401101";;"L'Ellez à Landeleau - Penity";"LIMNI";29102;"J362";"J3624000";;"1981-01-07 12:00:00+00";"1988-02-01 12:00:00+00";13001000200017;"DREAL Bretagne";"HydroPortail";"2016-07-12 06:25:32+00";10;3;"f";203752;6818389;26;"Métropole"
"-3.69217633859661";"48.2754750494407";1500;"J363181001";"J3631810";"L'Aulne à Kergloff - Pont-de-Pénity";"LIMNI";29089;"J363";"J3--0180";"J3630180";"1993-12-06 12:00:00+00";;13001000200017;"DREAL Bretagne";"Vigicrues/HydroPortail/Hydro 2";"2016-07-12 06:25:32+00";10;;"f";204089;6818265;26;"Métropole"
"-3.70470014199377";"48.2195447756902";1501;"J363181002";"J3631815";"L'Aulne à Landeleau - Pont Triffen";"LIMNI";29102;"J363";"J3--0180";"J3630180";"1952-12-01 00:00:00+00";"1967-01-01 00:00:00+00";13001000200017;"DREAL Bretagne";"HydroPortail/Hydro 2";"2016-07-12 06:25:32+00";10;1;"f";202636;6812150;26;"Métropole"
"-3.71849056857369";"48.2242591071126";1502;"J363181003";"J3631820";"L'Aulne à Cléden-Poher - Pont Triffen";"LIMNI";29029;"J363";"J3--0180";"J3630180";"2010-05-11 00:00:00+00";;13001000200017;"DREAL Bretagne";"HydroPortail/Hydro 2";"2016-07-12 06:25:32+00";10;1;"f";201660;6812759;26;"Métropole"
"-3.51022376492603";"48.3210050598698";1503;"J371301001";"J3713010";"L'Hyère à Trébrivan - Le Nezert";"LIMNI";22344;"J371";"J37-030A";"J3710300";"1972-01-01 12:00:00+00";;13001000200017;"DREAL Bretagne";"Vigicrues/HydroPortail/Hydro 2";"2016-07-12 06:25:32+00";10;1;"f";217958;6822181;26;"Métropole"
"-3.6551868416068";"48.2237953216457";1504;"J373301001";"J3733010";"L'Hyère à Saint-Hernin - La gare";"LIMNI";29250;"J373";"J37-030A";"J373100G";"1956-12-01 12:00:00+00";;13001000200017;"DREAL Bretagne";"Vigicrues/HydroPortail/Hydro 2";"2016-07-12 06:25:34+00";10;1;"f";206340;6812310;26;"Métropole"
"-3.86151346861775";"48.1650793202356";1505;"J381181001";"J3811810";"L'Aulne à Châteauneuf-du-Faou - Pont Pol";"LIMNI";29027;"J381";"J3--0180";"J3810180";"1968-12-01 12:00:00+00";;13001000200017;"DREAL Bretagne";"Vigicrues/HydroPortail/Hydro 2";"2017-03-17 13:01:26+00";10;2;"f";190507;6807119;26;"Métropole"
"-3.98628957333798";"48.1905498584325";1506;"J382181001";"J3821810";"L'Aulne à Gouézec - Pont Coblant";"LIMNI";29062;"J382";"J3--0180";"J3820180";"1992-02-21 00:00:00+00";;13001000200017;"DREAL Bretagne";"Vigicrues/HydroPortail/Hydro 2";"2016-07-12 06:25:32+00";10;1;"f";181516;6810751;26;"Métropole"
"-4.09312776186228";"48.1961433013992";1507;"J382182001";"J3821820";"L'Aulne à Châteaulin - Pont routier";"LIMNI";29026;"J382";"J3--0180";"J3820180";"2010-01-01 00:00:00+00";;13001000200017;"DREAL Bretagne";"Vigicrues/HydroPortail/Hydro 2";"2016-07-12 06:25:32+00";10;1;"f";173664;6812077;26;"Métropole"
"-4.09519265519075";"48.2126692150771";1508;"J382183001";;"L'Aulne à Port-Launay - Marégraphe Guily Glaz";"LIMNI";29222;"J382";"J3--0180";"J3820180";"1996-11-21 00:00:00+00";;13001000200017;"DREAL Bretagne";"Vigicrues/HydroPortail";"2016-07-12 06:25:32+00";10;;"f";173676;6813920;26;"Métropole"
"-4.06057911064668";"48.2603508845668";1509;"J383401001";"J3834010";"La Douffine à Saint-Ségal - Kerbriant";"LIMNI";29263;"J383";"J3834000";"J3834000";"1966-06-23 15:40:00+00";;13001000200017;"DREAL Bretagne";"HydroPortail/Hydro 2";"2016-07-12 06:24:50+00";10;1;"f";176710;6818968;26;"Métropole"
"-4.47384178638659";"48.0393403747023";1510;"J401401001";"J4014010";"Le Goyen à Pont-Croix - Kermaria";"LIMNI";29218;"J401";"J4014000";"J4014000";"1966-06-01 00:00:00+00";;13001000200017;"DREAL Bretagne";"HydroPortail/Hydro 2";"2016-07-12 06:25:32+00";10;2;"f";143849;6797335;26;"Métropole"
"-4.2368999151729";"47.8860096284879";1511;"J412441001";"J4124410";"Le Pont l'Abbé à Plonéour-Lanvern - Moulin Neuf";"LIMNI";29174;"J412";"J4124000";"J4124000";"1967-07-28 00:00:00+00";"1976-09-01 00:00:00+00";13001000200017;"DREAL Bretagne";"HydroPortail/Hydro 2";"2016-07-12 06:25:32+00";10;1;"f";159871;6778726;26;"Métropole"
"-4.22951299421156";"47.8795342127487";1512;"J412441002";"J4124430";"Le Pont l'Abbé à Tréméoc - Pen Enez";"DEB";29296;"J412";"J4124000";"J4124000";"1987-05-06 12:00:00+00";"2004-07-21 09:30:00+00";13001000200017;"DREAL Bretagne";"HydroPortail/Hydro 2";"2016-07-12 06:25:32+00";10;3;"f";160355;6777959;26;"Métropole"
"-4.22951299421156";"47.8795342127487";1513;"J412441003";"J4124440";"Le Pont l'Abbé à Tréméoc - Pen Enez";"DEB";29296;"J412";"J4124000";"J4124000";"2012-08-21 00:00:00+00";;13001000200017;"DREAL Bretagne";"HydroPortail/Hydro 2";"2016-07-12 06:25:32+00";10;3;"f";160355;6777959;26;"Métropole"
"-4.24149400773095";"47.9082112149907";1514;"J412442001";"J4124420";"Le Pont l'Abbé à Plonéour-Lanvern - Tremillec";"LIMNI";29174;"J412";"J4124000";"J4124000";"1984-01-07 00:00:00+00";;13001000200017;"DREAL Bretagne";"HydroPortail/Hydro 2";"2016-07-12 06:25:00+00";10;1;"f";159755;6781214;26;"Métropole"
"-4.27005559038714";"47.9362845181509";1515;"J412571001";"J4125710";"[Le Troyon] à Peumérit";"LIMNI";29159;"J412";"J4125700";"J4125700";"1971-04-26 00:00:00+00";"1973-01-01 00:00:00+00";13001000200017;"DREAL Bretagne";"HydroPortail/Hydro 2";"2016-07-12 06:25:32+00";10;1;"f";157917;6784516;26;"Métropole"
"-4.25002940186552";"47.9084061421607";1516;"J412572001";"J4125720";"[Le Troyon] à Plonéour-Lanvern - Ty Poes";"LIMNI";29174;"J412";"J4125700";"J4125700";"1984-06-01 00:00:00+00";;13001000200017;"DREAL Bretagne";"HydroPortail/Hydro 2";"2016-07-12 06:25:18+00";10;1;"f";159122;6781294;26;"Métropole"
"-3.97821235271446";"48.0365073469342";1517;"J420192001";;"L'Odet à Ergué-Gabéric - Kersaviou";"LIMNI";29051;"J420";"J4--0190";"J4200190";"1991-01-01 00:00:00+00";;13001000200017;"DREAL Bretagne";"Vigicrues/HydroPortail";"2016-07-12 06:25:32+00";10;;"f";180603;6793646;26;"Métropole"
"-4.06384820854116";"48.0062962730479";1518;"J421191001";"J4211910";"L'Odet à Ergué-Gabéric - Treodet";"LIMNI";29051;"J421";"J4--0190";"J4210190";"1953-12-01 12:00:00+00";;13001000200017;"DREAL Bretagne";"Vigicrues/HydroPortail/Hydro 2";"2016-07-12 06:25:35+00";10;1;"f";173946;6790869;26;"Métropole"
"-3.98712135505474";"48.1029379709002";1519;"J421451001";"J4214510";"Le Langelin à Briec - Pont D 72";"LIMNI";29020;"J421";"J4214500";"J4214500";"1966-11-01 12:00:00+00";;13001000200017;"DREAL Bretagne";"HydroPortail/Hydro 2";"2016-07-12 06:25:32+00";10;1;"f";180594;6801058;26;"Métropole"
"-4.01469536949025";"47.9889705520952";1520;"J422401001";"J4224010";"Le Jet à Ergué-Gabéric - Kerjean";"LIMNI";29051;"J422";"J422400A";"J4224000";"1966-06-01 12:00:00+00";;13001000200017;"DREAL Bretagne";"Vigicrues/HydroPortail/Hydro 2";"2016-07-12 06:25:20+00";10;1;"f";177426;6788625;26;"Métropole"
"-3.96815131492848";"47.9832157635329";1521;"J422402001";;"Le Jet à Ergué-Gabéric - Meil-Jet";"LIMNI";29051;"J422";"J422400A";"J4224000";;;13001000200017;"DREAL Bretagne";"HydroPortail";"2016-07-12 06:24:51+00";10;;"f";180828;6787681;26;"Métropole"
"-4.07946613495354";"47.9942325513302";1522;"J423191001";"J4231910";"L'Odet à Quimper - Kervir";"LIMNI";29232;"J423";"J4--0190";"J4230190";"1991-01-01 00:00:00+00";;13001000200017;"DREAL Bretagne";"Vigicrues/HydroPortail/Hydro 2";"2016-07-12 06:25:32+00";10;1;"f";172666;6789638;26;"Métropole"
"-4.14711327263341";"48.0277027464754";1523;"J431301001";"J4313010";"Le Steïr à Guengat - Ty Planche Ancienne";"LIMNI";29066;"J431";"J43-0300";"J4310300";"1975-11-01 12:00:00+00";"2016-05-13 12:00:00+00";13001000200017;"DREAL Bretagne";"HydroPortail/Hydro 2";"2016-12-15 16:56:10+00";10;1;"f";167977;6793796;26;"Métropole"
"-4.14711327263341";"48.0277027464754";1524;"J431301002";;"Le Steïr à Guengat - Ty Planche";"LIMNI";29066;"J431";"J43-0300";"J4310300";"2016-05-13 12:00:00+00";;13001000200017;"DREAL Bretagne";"Vigicrues/HydroPortail";"2016-12-15 16:38:05+00";10;0;"f";167977;6793796;26;"Métropole"
"-4.11068555991783";"48.0570934658003";1525;"J431302001";;"Le Steïr à Quimper - Steïr Hoat";"LIMNI";29232;"J431";"J43-0300";"J4310300";"2000-01-01 00:00:00+00";"2012-09-01 00:00:00+00";13001000200017;"DREAL Bretagne";"HydroPortail";"2016-07-12 06:25:30+00";10;;"f";170975;6796804;26;"Métropole"
"-4.11444948238609";"48.0030134677049";1526;"J431303001";;"Le Steïr à Quimper - Moulin Vert";"LIMNI";29232;"J431";"J43-0300";"J4310300";"1991-01-01 00:00:00+00";;13001000200017;"DREAL Bretagne";"Vigicrues/HydroPortail";"2016-07-12 06:25:32+00";10;;"f";170155;6790844;26;"Métropole"
"-4.10365804327285";"47.9715091398313";1527;"J440191001";;"L'Odet à Quimper - Corniguel";"LIMNI";29232;"J440";"J4--0190";"J4400190";"2000-01-01 00:00:00+00";"2013-03-01 00:00:00+00";13001000200017;"DREAL Bretagne";"HydroPortail";"2016-07-12 06:24:47+00";10;;"f";170642;6787285;26;"Métropole"
"-4.10833144311025";"47.9921618978888";1528;"J440191002";;"L'Odet à Quimper - Palais de justice";"LIMNI";29232;"J440";"J4--0190";"J4400190";"2012-08-26 00:00:00+00";;13001000200017;"DREAL Bretagne";"Vigicrues/HydroPortail";"2016-07-12 06:25:32+00";10;;"f";170501;6789602;26;"Métropole"
"-4.11601079508862";"47.8809133890516";1529;"J442191001";;"L'Odet à Bénodet - Port de plaisance";"LIMNI";29006;"J442";"J4--0190";"J4420190";"1996-10-29 00:00:00+00";;13001000200017;"DREAL Bretagne";"Vigicrues/HydroPortail";"2016-07-12 06:25:30+00";10;;"f";168818;6777342;26;"Métropole"
"-3.8752806145996";"47.8837778519466";1530;"J451401001";"J4514010";"Le Moros à Concarneau - Pont D 22";"LIMNI";29039;"J451";"J4514000";"J4514000";"1966-06-01 00:00:00+00";;13001000200017;"DREAL Bretagne";"HydroPortail/Hydro 2";"2016-07-12 06:25:32+00";10;1;"f";186769;6776067;26;"Métropole"
"-3.88448218570099";"47.9003295536887";1531;"J451541001";"J4515410";"L'Hôpital [Le Styval] à Concarneau - Pont Douar";"LIMNI";29039;"J451";"J4515400";"J4515400";"1966-10-01 12:00:00+00";"1977-03-02 00:00:00+00";13001000200017;"DREAL Bretagne";"HydroPortail/Hydro 2";"2016-07-12 06:25:32+00";10;1;"f";186244;6777959;26;"Métropole"
"-3.87824260628905";"47.8892139974529";1532;"J451542001";"J4515420";"L'Hôpital [Le Styval] à Concarneau - Moulin de la Haie";"LIMNI";29039;"J451";"J4515400";"J4515400";"1991-12-23 00:00:00+00";;13001000200017;"DREAL Bretagne";"HydroPortail/Hydro 2";"2016-07-12 06:25:32+00";10;1;"f";186601;6776688;26;"Métropole"
"-3.75172300825606";"47.9076231161815";1533;"J461401001";"J4614010";"Le Stêr Goz à Bannalec - Pont Meya";"LIMNI";29004;"J461";"J461400A";"J4614000";"1966-06-01 00:00:00+00";;13001000200017;"DREAL Bretagne";"HydroPortail/Hydro 2";"2016-07-12 06:25:32+00";10;1;"f";196196;6777911;26;"Métropole"
"-3.7394748264747";"47.8603560695391";1534;"J462301001";"J4623010";"L'Aven à Pont-Aven - Bois d'Amour";"LIMNI";29217;"J462";"J46-0300";"J4620300";"1966-09-01 12:00:00+00";"1994-07-13 00:00:00+00";13001000200017;"DREAL Bretagne";"HydroPortail/Hydro 2";"2016-07-12 06:25:32+00";10;2;"f";196660;6772600;26;"Métropole"
"-3.73424504667529";"47.885117450938";1535;"J462302001";"J4623020";"L'Aven à Pont-Aven - Voie express";"LIMNI";29217;"J462";"J46-0300";"J4620300";"1992-04-15 00:00:00+00";;13001000200017;"DREAL Bretagne";"HydroPortail/Hydro 2";"2016-07-12 06:25:32+00";10;1;"f";197284;6775308;26;"Métropole"
"-3.47624517385447";"48.0391471050271";1536;"J471201001";"J4712010";"L'Ellé au Faouët - Grand Pont";"LIMNI";56057;"J471";"J4--0200";"J4710200";"1967-04-01 00:00:00+00";"1991-09-01 00:00:00+00";13001000200017;"DREAL Bretagne";"HydroPortail/Hydro 2";"2016-07-12 06:25:32+00";10;2;"f";217902;6790755;26;"Métropole"
"-3.47607370150102";"48.0390662653524";1537;"J471201002";"J4712020";"L'Ellé au Faouët - Grand Pont";"LIMNI";56057;"J471";"J4--0200";"J4710200";"1991-09-01 00:00:00+00";;13001000200017;"DREAL Bretagne";"Vigicrues/HydroPortail/Hydro 2";"2016-07-12 06:25:32+00";10;2;"f";217914;6790745;26;"Métropole"
"-3.55605926069961";"48.0480299395261";1538;"J473401001";"J4734010";"L'Inam au Faouët - Pont Priant";"LIMNI";56057;"J473";"J4734000";"J4734000";"1978-07-12 17:30:00+00";;13001000200017;"DREAL Bretagne";"Vigicrues/HydroPortail/Hydro 2";"2016-07-12 06:25:31+00";10;1;"f";212056;6792229;26;"Métropole"
"-3.4689402951682";"47.9042598571907";1539;"J474201001";"J4742020";"L'Ellé à Arzano - Ty Nadan - aval pont";"LIMNI";29002;"J474";"J4--0200";"J4740200";"1969-01-01 00:00:00+00";;13001000200017;"DREAL Bretagne";"Vigicrues/HydroPortail/Hydro 2";"2016-11-28 16:14:08+00";10;1;"f";217218;6775772;26;"Métropole"
"-3.46921803681032";"47.9043348221193";1540;"J474201002";"J4742010";"L'Ellé à Arzano - Ty Nadan - amont pont";"LIMNI";29002;"J474";"J4--0200";"J4740200";"2009-09-10 10:00:00+00";;13001000200017;"DREAL Bretagne";"HydroPortail/Hydro 2";"2016-10-28 13:33:13+00";10;1;"f";217198;6775782;26;"Métropole"
"-3.4936905173332";"47.9851083468199";1541;"J474201501";"J4742015";"L'Ellé à Lanvénégen - Loge-Coucou";"LIMNI";56105;"J474";"J4--0200";"J4740200";"1994-10-27 18:00:00+00";;13001000200017;"DREAL Bretagne";"Vigicrues/HydroPortail/Hydro 2";"2016-07-12 06:25:32+00";10;1;"f";216113;6784877;26;"Métropole"
"-3.53945326216521";"47.8764592680848";1542;"J474202001";"J4742020";"L'Ellé à Quimperlé - Moulin des Goreds";"LIMNI";29233;"J474";"J4--0200";"J4740200";"2000-01-01 00:00:00+00";"2008-09-01 00:00:00+00";13001000200017;"DREAL Bretagne";"HydroPortail/Hydro 2";"2016-07-12 06:25:30+00";10;;"f";211712;6773127;26;"Métropole"
"-3.67115837448551";"47.9879048230608";1543;"J480301001";"J4803010";"L'Isole à Scaër - Stang Boudilin";"LIMNI";29274;"J480";"J48-0300";"J4800300";"1978-12-01 00:00:00+00";;13001000200017;"DREAL Bretagne";"Vigicrues/HydroPortail/Hydro 2";"2016-07-12 06:25:35+00";10;1;"f";202946;6786289;26;"Métropole"
"-3.54606577606786";"47.8756563295259";1544;"J481301001";"J4813010";"L'Isole à Quimperlé - Place des Anciennes Fonderies";"LIMNI";29233;"J481";"J48-0300";"J4810300";"1958-12-01 12:00:00+00";;13001000200017;"DREAL Bretagne";"Vigicrues/HydroPortail/Hydro 2";"2016-07-12 06:25:34+00";10;2;"f";211212;6773079;26;"Métropole"
"-3.5451276945382";"47.8709946835721";1545;"J490201001";;"L'Ellé [La Laïta] à Quimperlé - Place Charles-de-Gaulle [ancienne station]";"LIMNI";29233;"J490";"J4--0200";"J4900200";"1970-01-01 00:00:00+00";"2000-01-01 00:00:00+00";13001000200017;"DREAL Bretagne";"HydroPortail";"2016-07-12 06:25:34+00";10;1;"f";211239;6772557;26;"Métropole"
"-3.54515989183684";"47.871038037887";1546;"J490201002";"J4902012";"L'Ellé [La Laïta] à Quimperlé - Place Charles-de-Gaulle";"LIMNI";29233;"J490";"J4--0200";"J4900200";"1992-01-01 00:00:00+00";;13001000200017;"DREAL Bretagne";"Vigicrues/HydroPortail/Hydro 2";"2017-01-23 09:32:11+00";10;3;"f";211237;6772562;26;"Métropole"
"-3.53185244136964";"47.7713207988454";1547;"J490202001";"J4902020";"L'Ellé [La Laïta] à Clohars-Carnoët - Le Pouldu";"LIMNI";29031;"J490";"J4--0200";"J4900200";"1997-10-20 00:00:00+00";;13001000200017;"DREAL Bretagne";"Vigicrues/HydroPortail/Hydro 2";"2017-01-23 09:05:23+00";10;3;"f";211313;6761438;26;"Métropole"
"-3.55710498248192";"47.8377225421212";1548;"J490511001";"J4905120";"Le Frout à Quimperlé - Chemin de Guerniguy";"LIMNI";29233;"J490";"J4905100";"J4905100";"1973-07-01 12:00:00+00";"1980-01-01 00:00:00+00";13001000200017;"DREAL Bretagne";"HydroPortail/Hydro 2";"2016-07-12 06:25:30+00";10;1;"f";210040;6768947;26;"Métropole"
"-3.41910193880901";"47.9056733637237";1549;"J510221001";"J5102210";"Le Scorff à Plouay - Pont Kerlo";"LIMNI";56166;"J510";"J5--0220";"J5100220";"1955-12-01 00:00:00+00";;13001000200017;"DREAL Bretagne";"HydroPortail/Hydro 2";"2016-07-12 06:25:31+00";10;1;"f";220942;6775625;26;"Métropole"
"-3.25083445995";"48.3915188531452";1550;"J520211001";"J5202110";"Le Blavet à Kerien - Kerlouët";"LIMNI";22088;"J520";"J5--021A";"J5200210";"1980-10-01 00:00:00+00";;13001000200017;"DREAL Bretagne";"HydroPortail/Hydro 2";"2016-07-12 06:24:58+00";10;1;"f";237743;6828442;26;"Métropole"
"-3.24429223289087";"48.3874421231992";1551;"J520521001";"J5205210";"Le Moulin de l'Estolet à Kerien - Moulin de Camel";"LIMNI";22088;"J520";"J5205200";"J5205200";"2000-03-01 00:00:00+00";;13001000200017;"DREAL Bretagne";"HydroPortail/Hydro 2";"2016-07-12 06:25:22+00";10;2;"f";238190;6827952;26;"Métropole"
"-3.23406548821043";"48.3241565302511";1552;"J521211001";"J5212110";"Le Blavet à Plounévez-Quintin - Porsporel";"LIMNI";22229;"J521";"J5--021A";"J5210210";"1963-12-01 12:00:00+00";"1992-01-01 00:00:00+00";13001000200017;"DREAL Bretagne";"HydroPortail/Hydro 2";"2016-07-12 06:25:33+00";10;1;"f";238390;6820880;26;"Métropole"
"-3.24855374554164";"48.3423172829224";1553;"J521212001";"J5212120";"Le Blavet à Lanrivain [aval retenue Kerné-Uhel] - Pont D 87";"LIMNI";22115;"J521";"J5--021A";"J5210210";"1993-01-01 00:00:00+00";;13001000200017;"DREAL Bretagne";"HydroPortail/Hydro 2";"2016-07-12 06:25:33+00";10;3;"f";237479;6822977;26;"Métropole"
"-3.17776969564276";"48.2271158483151";1554;"J522211001";"J5222110";"Le Blavet à Gouarec - Pont N 164";"LIMNI";22064;"J522";"J5--021A";"J5220210";"1965-01-01 12:00:00+00";"1986-01-01 00:00:00+00";13001000200017;"DREAL Bretagne";"HydroPortail/Hydro 2";"2016-07-12 06:25:33+00";10;1;"f";241707;6809800;26;"Métropole"
"-3.15262160459717";"48.2559207093215";1555;"J522401001";"J5224010";"Le Sulon à Sainte-Tréphine - Trozulon";"DEB";22331;"J522";"J5224000";"J5224000";"1999-03-26 00:00:00+00";"2012-04-30 00:00:00+00";13001000200017;"DREAL Bretagne";"HydroPortail/Hydro 2";"2016-07-12 06:25:33+00";10;2;"f";243818;6812846;26;"Métropole"
"-3.15262160459717";"48.2559207093215";1556;"J522401002";"J5224020";"Le Sulon à Sainte-Tréphine - Trozulon";"LIMNI";22331;"J522";"J5224000";"J5224000";"2015-07-01 00:00:00+00";;13001000200017;"DREAL Bretagne";"HydroPortail/Hydro 2";"2016-07-12 06:25:33+00";10;2;"f";243818;6812846;26;"Métropole"
"-3.38273748397914";"48.2214078098913";1557;"J530451001";"J5304510";"Le Kerjean à Glomel [aval retenue du Coronc] - Le Coronc Izellan";"LIMNI";22061;"J530";"J5304500";"J5304500";"1999-01-01 00:00:00+00";;13001000200017;"DREAL Bretagne";"HydroPortail/Hydro 2";"2016-07-12 06:25:33+00";10;3;"f";226483;6810377;26;"Métropole"
"-3.1591770836329";"48.2142436018401";1558;"J540211001";"J5402110";"Le Blavet à Laniscat - St Hervé";"DEB";22107;"J540";"J5--021A";"J5400210";"1998-01-01 00:00:00+00";;13001000200017;"DREAL Bretagne";"HydroPortail/Hydro 2";"2016-07-12 06:25:33+00";10;2;"f";242972;6808266;26;"Métropole"
"-3.13068876722953";"48.2126597775258";1559;"J540212001";"J5402120";"Le Blavet à Plélauff - Bon-Repos";"LIMNI";22181;"J540";"J5--021A";"J5400210";"2003-11-18 00:00:00+00";;13001000200017;"DREAL Bretagne";"Vigicrues/HydroPortail/Hydro 2";"2016-07-12 06:25:16+00";10;1;"f";245068;6807926;26;"Métropole"
"-3.01781018466356";"48.194831433641";1560;"J541211001";"J5412110";"Le Blavet à Mûr-de-Bretagne - Guerlédan";"LIMNI";22158;"J541";"J5--021A";"J5410210";"1931-01-01 12:00:00+00";;55208131766522;"EDF";"HydroPortail/Hydro 2";"2016-07-12 06:25:33+00";10;1;"f";253277;6805306;26;"Métropole"
"-3.01246795660154";"48.1758104097189";1561;"J541212001";"J5412120";"Le Blavet à Saint-Aignan [aval barrage Guerlédan] - Le Touldren";"LIMNI";56203;"J541";"J5--021A";"J5410210";"1998-03-26 00:00:00+00";;13001000200017;"DREAL Bretagne";"Vigicrues/HydroPortail/Hydro 2";"2017-01-23 09:54:17+00";10;3;"f";253512;6803168;26;"Métropole"
"-3.00468737511284";"48.1432777007292";1562;"J543211001";"J5432110";"Le Blavet à Neulliac - Le Stumo";"LIMNI";56146;"J543";"J5--021A";"J5430210";"2015-07-03 00:00:00+00";;13001000200017;"DREAL Bretagne";"HydroPortail/Hydro 2";"2016-12-16 11:03:22+00";10;3;"f";253814;6799519;26;"Métropole"
"-3.00058524418948";"48.1132640928807";1563;"J543211002";"J5432120";"Le Blavet à Neulliac - Le Porzo";"LIMNI";56146;"J543";"J5--021A";"J5430210";"1988-12-01 00:00:00+00";;13001000200017;"DREAL Bretagne";"HydroPortail/Hydro 2";"2016-07-12 06:25:35+00";10;3;"f";253865;6796170;26;"Métropole"
"-2.96746458786723";"48.0583473414453";1564;"J550211001";;"Le Blavet à Pontivy - Equipement";"LIMNI";56178;"J550";"J5--021A";"J5500210";"1998-03-26 00:00:00+00";;13001000200017;"DREAL Bretagne";"Vigicrues/HydroPortail";"2016-07-12 06:25:33+00";10;3;"f";255862;6789898;26;"Métropole"
"-3.07731051321623";"47.9559902284888";1565;"J552401001";;"La Sarre à Melrand - Kerduic";"LIMNI";56128;"J552";"J5524000";"J5524000";"2005-08-02 00:00:00+00";;13001000200017;"DREAL Bretagne";"Vigicrues/HydroPortail";"2016-07-12 06:25:33+00";10;1;"f";246828;6779181;26;"Métropole"
"-3.10070674716896";"47.9663836794092";1566;"J552401002";"J5524010";"La Sarre à Melrand - Pont Neuf";"LIMNI";56128;"J552";"J5524000";"J5524000";"2010-12-16 11:00:00+00";;13001000200017;"DREAL Bretagne";"HydroPortail/Hydro 2";"2016-07-12 06:25:33+00";10;1;"f";245176;6780467;26;"Métropole"
"-2.81293128508595";"47.9776774479796";1567;"J560681001";"J5606810";"Le Coëtdan à Guénin - Stimoës";"LIMNI";56074;"J560";"J5606800";"J5606800";"1970-11-01 12:00:00+00";"1988-01-01 00:00:00+00";13001000200017;"DREAL Bretagne";"HydroPortail/Hydro 2";"2016-07-12 06:25:33+00";10;1;"f";266683;6780100;26;"Métropole"
"-2.97464999135205";"47.9010549513825";1568;"J561301001";"J5613010";"L'Evel à Guénin - Er Marreü";"LIMNI";56074;"J561";"J56-0300";"J5610300";"1963-11-01 12:00:00+00";;13001000200017;"DREAL Bretagne";"Vigicrues/HydroPortail/Hydro 2";"2016-11-28 16:05:46+00";10;1;"f";254007;6772510;26;"Métropole"
"-2.95279239619168";"47.9374375701264";1569;"J561831001";"J5618310";"Le Frémeur à Guénin - Coëtcon";"LIMNI";56074;"J561";"J5618300";"J5618300";"1997-09-11 00:00:00+00";;13001000200017;"DREAL Bretagne";"HydroPortail/Hydro 2";"2016-11-28 16:06:53+00";10;1;"f";255940;6776418;26;"Métropole"
"-2.95336419409807";"47.9381034797866";1570;"J561832001";"J5618320";"Le Frémeur à Pluméliau - Kervilio";"LIMNI";56173;"J561";"J5618300";"J5618300";"1997-10-17 00:00:00+00";;13001000200017;"DREAL Bretagne";"HydroPortail/Hydro 2";"2016-07-12 06:25:33+00";10;1;"f";255903;6776495;26;"Métropole"
"-3.20076389537458";"47.9055032573169";1571;"J570481001";"J5704810";"Le Moulin de Tallené [Le Sebrevet] à Quistinic - Pont er Garrec";"LIMNI";56188;"J570";"J5704800";"J5704800";"1963-12-01 12:00:00+00";;13001000200017;"DREAL Bretagne";"HydroPortail/Hydro 2";"2016-07-12 06:25:33+00";10;1;"f";237201;6774304;26;"Métropole"
"-3.21925321862937";"47.8302516202121";1572;"J571211001";"J5712130";"Le Blavet à Languidic - Quellenec";"LIMNI";56101;"J571";"J5--021A";"J5710210";"1982-12-01 12:00:00+00";;13001000200017;"DREAL Bretagne";"Vigicrues/HydroPortail/Hydro 2";"2016-07-12 06:25:34+00";10;3;"f";235166;6766077;26;"Métropole"
"-3.19935398995232";"47.8652247103983";1573;"J571211002";"J5712140";"Le Blavet à Inzinzac-Lochrist - Pont neuf";"DEB";56090;"J571";"J5--021A";"J5710210";"2012-01-01 00:00:00+00";;13001000200017;"DREAL Bretagne";"HydroPortail/Hydro 2";"2016-07-12 06:25:33+00";10;3;"f";236955;6769834;26;"Métropole"
"-3.24838874127806";"47.8261625701736";1574;"J571211003";;"Le Blavet à Inzinzac-Lochrist - Lochrist";"LIMNI";56090;"J571";"J5--021A";"J5710210";"1999-02-03 00:00:00+00";;13001000200017;"DREAL Bretagne";"Vigicrues/HydroPortail";"2016-07-12 06:25:33+00";10;3;"f";232957;6765796;26;"Métropole"
"-2.98882884925974";"47.7223371255704";1575;"J621301001";"J6213020";"L'Auray [Le Loch] à Brech";"LIMNI";56023;"J621";"J62-0300";"J6210300";"1958-12-01 12:00:00+00";"2003-06-03 03:00:00+00";13001000200017;"DREAL Bretagne";"HydroPortail/Hydro 2";"2016-07-12 06:25:34+00";10;1;"f";251446;6752790;26;"Métropole"
"-2.98882884925974";"47.7223371255704";1576;"J621301002";"J6213010";"L'Auray [Le Loch] à Brech - Er Loch";"LIMNI";56023;"J621";"J62-0300";"J6210300";"2003-06-03 03:00:00+00";;13001000200017;"DREAL Bretagne";"HydroPortail/Hydro 2";"2016-07-12 06:25:33+00";10;1;"f";251446;6752790;26;"Métropole"
"-2.79203537295863";"47.7043286055227";1577;"J640711001";"J6407110";"Le Meucon [Le Rohan] à Saint-Avé - Guern";"LIMNI";56206;"J640";"J6407100";"J6407100";"1970-06-01 12:00:00+00";"1989-01-01 00:00:00+00";13001000200017;"DREAL Bretagne";"HydroPortail/Hydro 2";"2016-07-12 06:25:33+00";10;2;"f";266012;6749695;26;"Métropole"
"-2.77054895687062";"47.6678310100207";1578;"J640712001";"J6407120";"Le Meucon [Le Rohan] à Vannes - Menimur";"LIMNI";56260;"J640";"J6407100";"J6407100";"1970-07-01 12:00:00+00";"1989-01-01 00:00:00+00";13001000200017;"DREAL Bretagne";"HydroPortail/Hydro 2";"2016-07-12 06:25:33+00";10;2;"f";267323;6745533;26;"Métropole"
"-2.49001900002877";"47.6479528692316";1579;"J660681001";"J6606810";"Le Kervily à Questembert - Pont Neuf";"LIMNI";56184;"J660";"J6606800";"J6606800";"1965-04-22 12:00:00+00";"1973-01-27 00:00:00+00";13001000200017;"DREAL Bretagne";"HydroPortail/Hydro 2";"2016-07-12 06:25:33+00";10;1;"f";288169;6741830;26;"Métropole"
"-1.05840644862824";"48.1865507535999";1580;"J700061001";"J7000610";"La Vilaine à Bourgon - Pont D 106";"LIMNI";53040;"J700";"J---006A";"J7000060";"1989-04-20 12:00:00+00";;13001000200017;"DREAL Bretagne";"Vigicrues/HydroPortail/Hydro 2";"2016-07-12 06:25:34+00";10;1;"f";398524;6795104;26;"Métropole"
"-1.22267381580663";"48.1227627097354";1581;"J701061001";"J7010610";"La Vilaine à Vitré - Bas Pont";"LIMNI";35360;"J701";"J---006A";"J7010060";"1969-01-21 16:00:00+00";;13001000200017;"DREAL Bretagne";"Vigicrues/HydroPortail/Hydro 2";"2016-07-12 06:25:03+00";10;3;"f";385954;6788665;26;"Métropole"
"-1.10964084016022";"48.1449514687802";1582;"J701062001";"J7010620";"La Vilaine à Saint-M'Hervé";"LIMNI";35300;"J701";"J---006A";"J7010060";"1970-11-20 17:00:00+00";"1982-10-16 00:00:00+00";13001000200017;"DREAL Bretagne";"HydroPortail/Hydro 2";"2016-07-12 06:25:34+00";10;1;"f";394481;6790684;26;"Métropole"
"-1.14583869648739";"48.1431613012978";1583;"J701063001";"J7010630";"La Vilaine à Erbrée [aval barrage Vilaine] - Rideux";"LIMNI";35105;"J701";"J---006A";"J7010060";"1990-08-27 14:00:00+00";;13001000200017;"DREAL Bretagne";"HydroPortail/Hydro 2";"2016-07-12 06:25:34+00";10;3;"f";391782;6790626;26;"Métropole"
"-1.1277636419776";"48.1458230186709";1584;"J701064001";;"La Vilaine à la Chapelle-Erbrée [cote barrage Vilaine]";"LIMNI";35061;"J701";"J---006A";"J7010060";"1995-03-02 00:00:00+00";;13001000200017;"DREAL Bretagne";"Vigicrues/HydroPortail";"2016-07-12 06:25:34+00";10;;"f";393140;6790851;26;"Métropole"
"-1.1265349071041";"48.1089133115582";1585;"J702401001";"J7024010";"La Valière à Erbrée - Les Ravenières";"LIMNI";35105;"J702";"J7024000";"J7024000";"1979-09-19 20:00:00+00";;13001000200017;"DREAL Bretagne";"Vigicrues/HydroPortail/Hydro 2";"2016-07-12 06:25:35+00";10;1;"f";393017;6786750;26;"Métropole"
"-1.16576300359432";"48.0767596023394";1586;"J702402001";"J7024020";"La Valière à Vitré [aval barrage Valière] - Le Château des Rochers";"LIMNI";35360;"J702";"J7024000";"J7024000";"1979-10-19 16:00:00+00";;13001000200017;"DREAL Bretagne";"HydroPortail/Hydro 2";"2016-07-12 06:25:34+00";10;3;"f";389913;6783335;26;"Métropole"
"-1.16428657284581";"48.08293943731";1587;"J702403001";;"La Valière à Erbrée [cote barrage Valière]";"LIMNI";35105;"J702";"J7024000";"J7024000";"1995-02-28 00:00:00+00";;13001000200017;"DREAL Bretagne";"Vigicrues/HydroPortail";"2016-07-12 06:25:34+00";10;;"f";390059;6784015;26;"Métropole"
"-1.2020171607655";"48.0828694259023";1588;"J702404001";;"La Valière à Vitré - Pont d'Etrelles";"LIMNI";35360;"J702";"J7024000";"J7024000";"2005-02-10 00:00:00+00";;13001000200017;"DREAL Bretagne";"Vigicrues/HydroPortail";"2016-07-12 06:25:34+00";10;;"f";387253;6784156;26;"Métropole"
"-1.22497096866108";"48.1627530053586";1589;"J704301001";"J7043010";"La Cantache à Taillis - La Basse Molière";"LIMNI";35330;"J704";"J70-0300";"J7040300";"2011-03-07 00:00:00+00";;13001000200017;"DREAL Bretagne";"Vigicrues/HydroPortail/Hydro 2";"2016-07-12 06:25:34+00";10;2;"f";386021;6793112;26;"Métropole"
"-1.27347111226756";"48.1366022499391";1590;"J705301001";"J7053010";"La Cantache à Champeaux - Rabaud";"LIMNI";35052;"J705";"J70-0300";"J7050300";"1968-03-04 14:50:00+00";"1994-05-09 00:00:00+00";13001000200017;"DREAL Bretagne";"HydroPortail/Hydro 2";"2016-07-12 06:25:34+00";10;1;"f";382263;6790404;26;"Métropole"
"-1.2929510521331";"48.1276486034417";1591;"J705302001";;"La Cantache à Pocé-les-Bois [cote barrage Villaumur]";"LIMNI";35229;"J705";"J70-0300";"J7050300";"1995-05-24 00:00:00+00";;13001000200017;"DREAL Bretagne";"Vigicrues/HydroPortail";"2016-07-12 06:25:30+00";10;;"f";380762;6789489;26;"Métropole"
"-1.22231583849024";"48.1521249517064";1592;"J705401001";;"La Pérouse à Montreuil-sous-Pérouse - Pont D 179";"LIMNI";35194;"J705";"J7054000";"J7054000";"2000-01-01 00:00:00+00";;13001000200017;"DREAL Bretagne";"HydroPortail";"2016-07-12 06:25:34+00";10;;"f";386155;6791922;26;"Métropole"
"-1.46581222068386";"48.116996213542";1593;"J706061001";"J7060610";"La Vilaine à Servon-sur-Vilaine - La Croix Texier";"LIMNI";35327;"J706";"J---006A";"J7060060";"1969-01-01 00:00:00+00";"1991-01-01 00:00:00+00";13001000200017;"DREAL Bretagne";"HydroPortail/Hydro 2";"2016-07-12 06:25:34+00";10;1;"f";367854;6789020;26;"Métropole"
"-1.40379822370263";"48.1080382314887";1594;"J706062001";"J7060620";"La Vilaine à Châteaubourg";"LIMNI";35068;"J706";"J---006A";"J7060060";"1986-11-12 17:00:00+00";;13001000200017;"DREAL Bretagne";"Vigicrues/HydroPortail/Hydro 2";"2016-07-12 06:25:34+00";10;3;"f";372406;6787767;26;"Métropole"
"-1.49853897171126";"48.1831219729314";1595;"J708311001";"J7083110";"La Veuvre [Le Chevré] à la Bouëxière - Le Drugeon";"LIMNI";35031;"J708";"J70-0310";"J7080310";"1961-08-10 12:00:00+00";;13001000200017;"DREAL Bretagne";"Vigicrues/HydroPortail/Hydro 2";"2016-07-12 06:25:34+00";10;1;"f";365841;6796495;26;"Métropole"
"-1.60923011049659";"48.1144998813098";1596;"J709063001";"J7090610";"La Vilaine à Cesson-Sévigné - Cesson [Ancienne]";"LIMNI";35051;"J709";"J---006A";"J7090060";"1969-12-01 12:00:00+00";"1977-01-01 00:00:00+00";13001000200017;"DREAL Bretagne";"HydroPortail/Hydro 2";"2016-07-12 06:25:34+00";10;1;"f";357183;6789356;26;"Métropole"
"-1.56374939869437";"48.1237069720679";1597;"J709063002";"J7090630";"La Vilaine à Cesson-Sévigné - Pont Briant";"LIMNI";35051;"J709";"J---006A";"J7090060";"1987-09-21 17:45:00+00";;13001000200017;"DREAL Bretagne";"Vigicrues/HydroPortail/Hydro 2";"2016-07-12 06:25:35+00";10;3;"f";360621;6790181;26;"Métropole"
"-1.64308140415734";"48.1117190086313";1598;"J709063003";;"La Vilaine à Rennes - Plaine de Baud";"LIMNI";35238;"J709";"J---006A";"J7090060";"1982-11-04 00:00:00+00";;13001000200017;"DREAL Bretagne";"HydroPortail";"2016-07-12 06:25:34+00";10;3;"f";354650;6789195;26;"Métropole"
"-1.67253548748613";"48.2963077490056";1599;"J710301001";"J7103010";"L'Ille à Montreuil-sur-Ille - Ecluse d'Ille";"LIMNI";35195;"J710";"J71-030A";"J7100300";"1989-03-14 16:00:00+00";;13001000200017;"DREAL Bretagne";"Vigicrues/HydroPortail/Hydro 2";"2016-07-12 06:25:35+00";10;1;"f";353675;6809803;26;"Métropole"
"-1.5749459526829";"48.2471941982851";1600;"J711401001";"J7114010";"L'Illet à Chasné-sur-Illet - Le Bas Janson";"LIMNI";35067;"J711";"J7114000";"J7114000";"1990-03-20 09:45:00+00";;13001000200017;"DREAL Bretagne";"Vigicrues/HydroPortail/Hydro 2";"2016-07-12 06:25:34+00";10;1;"f";360584;6803930;26;"Métropole"
"-1.67903918686006";"48.1230240129908";1601;"J712001001";;"Le canal d'Ille et Rance à Rennes - Ecluse de St Martin";"LIMNI";35238;"J712";"J---200G";"J7122002";"1998-04-23 00:00:00+00";;13001000200017;"DREAL Bretagne";"Vigicrues/HydroPortail";"2016-07-12 06:25:30+00";10;;"f";352053;6790607;26;"Métropole"
"-1.67932919766598";"48.1507579750319";1602;"J712301001";"J7123010";"Le canal d'Ille et Rance [L'Ille] à Saint-Grégoire - Ecluse de St Grégoire";"LIMNI";35278;"J712";"J---200G";"J7122002";"1982-01-01 00:00:00+00";;13001000200017;"DREAL Bretagne";"Vigicrues/HydroPortail/Hydro 2";"2016-07-12 06:25:33+00";10;3;"f";352214;6793685;26;"Métropole"
"-1.70842586270058";"48.1065194586173";1603;"J720061101";;"La Vilaine à Rennes - Moulin du Comte - amont";"LIMNI";35238;"J720";"J---006A";"J7200062";;;13001000200017;"DREAL Bretagne";"HydroPortail";"2016-07-12 06:25:33+00";10;;"f";349761;6788906;26;"Métropole"
"-1.70897573896688";"48.1064974710951";1604;"J720061102";;"La Vilaine à Rennes - Moulin du Comte - aval";"LIMNI";35238;"J720";"J---006A";"J7200062";"2000-01-01 00:00:00+00";"2013-03-01 00:00:00+00";13001000200017;"DREAL Bretagne";"HydroPortail";"2016-07-12 06:25:30+00";10;;"f";349720;6788906;26;"Métropole"
"-1.77969248571959";"48.180859834016";1605;"J721401001";"J7214010";"La Flume à Pacé - Tixuë";"LIMNI";35210;"J721";"J7214000";"J7214000";"1978-02-01 12:00:00+00";;13001000200017;"DREAL Bretagne";"Vigicrues/HydroPortail/Hydro 2";"2016-07-12 06:25:33+00";10;1;"f";344966;6797471;26;"Métropole"
"-1.77297209277455";"48.0273458027491";1606;"J722061001";;"La Vilaine à Bruz - Ecluse de Mons-amont";"LIMNI";35047;"J722";"J---006A";"J7220060";"2000-01-01 00:00:00+00";"2011-12-01 00:00:00+00";13001000200017;"DREAL Bretagne";"HydroPortail";"2016-07-12 06:25:33+00";10;;"f";344434;6780412;26;"Métropole"
"-1.772938865961";"48.0269775195437";1607;"J722061002";;"La Vilaine à Bruz - Ecluse de Mons-aval";"LIMNI";35047;"J722";"J---006A";"J7220060";"2000-01-01 00:00:00+00";"2011-12-01 00:00:00+00";13001000200017;"DREAL Bretagne";"HydroPortail";"2016-07-12 06:25:33+00";10;;"f";344434;6780371;26;"Métropole"
"-1.64023888720873";"48.0825802764975";1608;"J722401001";"J7224010";"Le Blosne à Chantepie - Le Bois Guiheux";"LIMNI";35055;"J722";"J7224000";"J7224000";"1982-11-01 12:00:00+00";"1984-06-01 00:00:00+00";13001000200017;"DREAL Bretagne";"HydroPortail/Hydro 2";"2016-07-12 06:25:34+00";10;1;"f";354671;6785950;26;"Métropole"
"-2.21719524804338";"48.1269236929787";1609;"J731301001";"J7313010";"Le Meu à Gaël - Le Pont Perrin";"LIMNI";35117;"J731";"J73-0300";"J7310300";"1994-08-17 12:00:00+00";;13001000200017;"DREAL Bretagne";"Vigicrues/HydroPortail/Hydro 2";"2016-07-12 06:25:33+00";10;1;"f";312118;6793547;26;"Métropole"
"-1.99362088237461";"48.1700101313196";1610;"J734401001";"J7344010";"Le Garun à Iffendic - La Roncelinais";"LIMNI";35133;"J734";"J7344000";"J7344000";"2008-05-10 00:00:00+00";;13001000200017;"DREAL Bretagne";"Vigicrues/HydroPortail/Hydro 2";"2016-07-12 06:25:33+00";10;2;"f";329020;6797251;26;"Métropole"
"-1.94419637820597";"48.1286006414291";1611;"J735301001";"J7353010";"Le Meu à Montfort-sur-Meu - L'Abbaye";"LIMNI";35188;"J735";"J73-0300";"J7350300";"1968-09-24 09:40:00+00";;13001000200017;"DREAL Bretagne";"Vigicrues/HydroPortail/Hydro 2";"2016-07-12 06:25:33+00";10;1;"f";332399;6792427;26;"Métropole"
"-2.03479077253356";"48.0474879471652";1612;"J735501001";"J7355010";"Le Serein à Treffendel - Pont D 36";"LIMNI";35340;"J735";"J7355000";"J7355000";"1968-04-01 17:00:00+00";"1989-01-13 14:15:00+00";13001000200017;"DREAL Bretagne";"HydroPortail/Hydro 2";"2016-07-12 06:25:33+00";10;2;"f";325098;6783857;26;"Métropole"
"-1.98535911481737";"48.0587728232988";1613;"J735601001";"J7356010";"[Le Careil] à Monterfil - La Violais";"LIMNI";35187;"J735";"J7356000";"J7356000";"1968-04-01 16:00:00+00";"1990-01-22 15:50:00+00";13001000200017;"DREAL Bretagne";"HydroPortail/Hydro 2";"2016-07-12 06:25:33+00";10;1;"f";328853;6784875;26;"Métropole"
"-1.95062402279392";"48.0258054776611";1614;"J736421001";"J7364210";"La Chèze à Saint-Thurial";"LIMNI";35319;"J736";"J7364200";"J7364200";"1968-04-01 15:00:00+00";"1974-01-03 15:00:00+00";13001000200017;"DREAL Bretagne";"HydroPortail/Hydro 2";"2016-07-12 06:25:33+00";10;1;"f";331206;6781056;26;"Métropole"
"-2.03953544906308";"48.0089431408116";1615;"J736422001";"J7364220";"La Chèze à Plélan-le-Grand - L'Enlevrier";"LIMNI";35223;"J736";"J7364200";"J7364200";"1989-12-27 00:00:00+00";;13001000200017;"DREAL Bretagne";"HydroPortail/Hydro 2";"2016-07-12 06:25:33+00";10;1;"f";324472;6779605;26;"Métropole"
"-1.85348997354512";"48.1389358810822";1616;"J737311001";"J7373110";"La Vaunoise à Saint-Gilles - Villebrioux";"LIMNI";35275;"J737";"J73-0310";"J7370310";"1971-03-11 17:00:00+00";"1990-01-22 15:20:00+00";13001000200017;"DREAL Bretagne";"HydroPortail/Hydro 2";"2016-07-12 06:25:33+00";10;1;"f";339205;6793155;26;"Métropole"
"-1.85394075678086";"48.06869534492";1617;"J739301001";;"Le Meu à Bréal-sous-Montfort - Mordelles - Le Grand Pont";"LIMNI";35037;"J739";"J73-0300";"J7390300";"2008-02-22 00:00:00+00";;13001000200017;"DREAL Bretagne";"Vigicrues/HydroPortail";"2016-07-12 06:25:33+00";10;;"f";338692;6785366;26;"Métropole"
"-1.47359805163823";"48.0094797169754";1618;"J744301001";"J7443010";"La Seiche à Amanlis - Pont D 37";"LIMNI";35002;"J744";"J74-0300";"J7440300";"1996-01-01 00:00:00+00";;13001000200017;"DREAL Bretagne";"Vigicrues/HydroPortail/Hydro 2";"2017-02-28 16:17:14+00";10;2;"f";366599;6777124;26;"Métropole"
"-1.61218133280477";"47.9983090955443";1619;"J747000101";"J7474010";"L'Ise à Bourgbarré";"LIMNI";35032;"J747";"J7474000";"J7474000";"2015-06-23 15:42:00+00";;13001000200017;"DREAL Bretagne";"Vigicrues/HydroPortail/Hydro 2";"2017-01-26 10:41:05+00";10;1;"f";356210;6776479;26;"Métropole"
"-1.72228814739316";"48.0194848083832";1620;"J748301001";"J7483010";"La Seiche à Bruz - Carcé";"LIMNI";35047;"J748";"J74-0300";"J7480300";"1967-11-01 12:00:00+00";;13001000200017;"DREAL Bretagne";"Vigicrues/HydroPortail/Hydro 2";"2016-07-12 06:25:33+00";10;1;"f";348153;6779313;26;"Métropole"
"-1.70659321286712";"48.02326045596";1621;"J748301002";"J7483020";"La Seiche à Pont-Péan - La Planche";"LIMNI";35363;"J748";"J74-0300";"J7480300";"2015-10-23 12:00:00+00";;13001000200017;"DREAL Bretagne";"Vigicrues/HydroPortail/Hydro 2";"2017-02-20 16:00:41+00";10;1;"f";349346;6779662;26;"Métropole"
"-1.75506551541834";"47.9929023370765";1622;"J750061001";"J7500610";"La Vilaine à Guichen - Le Boël - aval écluse";"LIMNI";35126;"J750";"J---006A";"J7500060";"1990-03-28 18:35:00+00";;13001000200017;"DREAL Bretagne";"Vigicrues/HydroPortail/Hydro 2";"2016-07-12 06:25:35+00";10;2;"f";345536;6776511;26;"Métropole"
"-1.99329507190748";"47.995407558414";1623;"J751301001";"J7513010";"Le Canut [nord] à Maxent - La Botelerais";"LIMNI";35169;"J751";"J75-0300";"J7510300";"1989-12-22 00:00:00+00";;13001000200017;"DREAL Bretagne";"HydroPortail/Hydro 2";"2016-07-12 06:25:33+00";10;1;"f";327818;6777885;26;"Métropole"
"-1.85509232585454";"47.9627542813669";1624;"J752302001";"J7523010";"Le Canut [nord] à Lassy - Le Val";"LIMNI";35149;"J752";"J75-0300";"J7520300";"1971-03-01 12:00:00+00";"1975-02-24 00:00:00+00";13001000200017;"DREAL Bretagne";"HydroPortail/Hydro 2";"2016-07-12 06:25:33+00";10;1;"f";337883;6773621;26;"Métropole"
"-1.87825482716031";"47.9578540231077";1625;"J752302002";"J7523020";"Le Canut [nord] à Lassy - Pont de Lassy";"LIMNI";35149;"J752";"J75-0300";"J7520300";"1994-08-11 12:00:00+00";"2001-09-26 06:16:00+00";13001000200017;"DREAL Bretagne";"HydroPortail/Hydro 2";"2016-07-12 06:25:33+00";10;3;"f";336124;6773184;26;"Métropole"
"-1.62983292702976";"47.8601273116784";1626;"J763301001";"J7633010";"Le Semnon à Bain-de-Bretagne - Rochereuil";"LIMNI";35012;"J763";"J76-0300";"J7630300";"1970-11-04 00:00:00+00";;13001000200017;"DREAL Bretagne";"Vigicrues/HydroPortail/Hydro 2";"2016-07-12 06:25:34+00";10;1;"f";353996;6761228;26;"Métropole"
"-1.8220648690293";"47.8224750087179";1627;"J770061001";"J7700620";"La Vilaine à Guipry - Le Port";"LIMNI";35129;"J770";"J---006A";"J7700060";"1996-01-01 00:00:00+00";;13001000200017;"DREAL Bretagne";"Vigicrues/HydroPortail/Hydro 2";"2017-03-06 15:31:38+00";10;2;"f";339392;6757912;26;"Métropole"
"-1.84260557357411";"47.7984173770642";1628;"J770061002";"J7700630";"La Vilaine à Guipry - Mâlon amont";"LIMNI";35129;"J770";"J---006A";"J7700060";"1996-04-19 00:00:00+00";;13001000200017;"DREAL Bretagne";"Vigicrues/HydroPortail/Hydro 2";"2017-03-06 15:30:04+00";10;3;"f";337694;6755338;26;"Métropole"
"-1.8423211463264";"47.7980864929739";1629;"J770061003";"J7700610";"La Vilaine à Guipry - Mâlon aval";"LIMNI";35129;"J770";"J---006A";"J7700060";"1934-12-01 00:00:00+00";;13001000200017;"DREAL Bretagne";"Vigicrues/HydroPortail/Hydro 2";"2016-07-12 06:25:33+00";10;2;"f";337713;6755300;26;"Métropole"
"-1.38968919398683";"47.7189116085987";1630;"J780302010";"J7803020";"La Chère à Châteaubriant [Béré]";"LIMNI";44036;"J780";"J78-0300";"J7800300";"1996-10-10 00:00:00+00";;13000610900016;"DREAL Pays de Loire";"HydroPortail/Hydro 2";"2016-07-12 06:24:56+00";10;1;"f";371052;6744537;26;"Métropole"
"-1.6898486013583";"47.7131939596896";1631;"J782401001";"J7824010";"L'Aron à Grand-Fougeray - La Bernardais";"LIMNI";35124;"J782";"J7824000";"J7824000";"1968-10-18 00:00:00+00";;13001000200017;"DREAL Bretagne";"HydroPortail/Hydro 2";"2016-07-12 06:25:33+00";10;1;"f";348547;6745196;26;"Métropole"
"-1.73234167889752";"47.7015623504078";1632;"J783301010";"J7833010";"La Chère à Pierric [Pont RN137] - Ancienne";"LIMNI";44123;"J783";"J78-0300";"J7830300";"1982-12-01 12:00:00+00";"1986-01-01 00:00:00+00";13000610900016;"DREAL Pays de Loire";"HydroPortail/Hydro 2";"2016-07-12 06:24:54+00";10;1;"f";345289;6744096;26;"Métropole"
"-1.70347479331848";"47.7004828678553";1633;"J783301020";"J7833020";"La Chère à Derval [Pont RN137]";"LIMNI";44051;"J783";"J78-0300";"J7830300";"1986-12-01 12:00:00+00";;13000610900016;"DREAL Pays de Loire";"HydroPortail/Hydro 2";"2016-07-12 06:24:55+00";10;1;"f";347443;6743847;26;"Métropole"
"-1.70382560295036";"47.7005228443971";1634;"J783301030";;"La Chère à Derval [Pont RN137] - Aval";"LIMNI";44051;"J783";"J78-0300";"J7830300";"1997-03-01 00:00:00+00";;13000610900016;"DREAL Pays de Loire";"Vigicrues/HydroPortail";"2016-07-12 06:25:33+00";10;;"f";347417;6743853;26;"Métropole"
"-1.85236701562671";"47.7083436430039";1635;"J790061001";"J7900610";"La Vilaine à Langon";"LIMNI";35145;"J790";"J---006A";"J7900060";"1993-01-01 00:00:00+00";"1996-12-31 00:00:00+00";13001000200017;"DREAL Bretagne";"HydroPortail/Hydro 2";"2016-07-12 06:25:34+00";10;1;"f";336350;6745394;26;"Métropole"
"-1.85204450902372";"47.7081766828283";1636;"J790061002";"J7900060";"La Vilaine à Langon - Droulin";"DEB";35145;"J790";"J---006A";"J7900060";"2006-06-01 00:00:00+00";;13001000200017;"DREAL Bretagne";"HydroPortail/Hydro 2";"2016-07-12 06:25:34+00";10;3;"f";336373;6745374;26;"Métropole"
"-1.53887817815343";"47.616853088775";1637;"J793301010";"J7933010";"Le Don à Treffieux [Le Bourg]";"LIMNI";44208;"J793";"J79-0300";"J7930300";"2003-06-11 14:33:00+00";;13000610900016;"DREAL Pays de Loire";"HydroPortail/Hydro 2";"2016-07-12 06:24:54+00";10;1;"f";359233;6733849;26;"Métropole"
"-1.74769120692322";"47.616051901218";1638;"J795301010";"J7953010";"Le Don à Conquereuil [Juzet] - Les Rivières";"LIMNI";44044;"J796";"J79-0300";"J7960300";"2000-11-15 00:00:00+00";;13000610900016;"DREAL Pays de Loire";"Vigicrues/HydroPortail/Hydro 2";"2016-07-12 06:25:33+00";10;1;"f";343569;6734682;26;"Métropole"
"-1.78909602424699";"47.62298004655";1639;"J795301020";"J7963010";"Le Don à Guémené-Penfao [Juzet]";"LIMNI";44067;"J796";"J79-0300";"J7960300";"1979-12-18 12:00:00+00";;13000610900016;"DREAL Pays de Loire";"HydroPortail/Hydro 2";"2016-07-12 06:24:56+00";10;1;"f";340511;6735638;26;"Métropole"
"-1.97939327775797";"47.7762193148854";1640;"J797301001";"J7973010";"Le Canut [sud] à Saint-Just - La Rivière Colombel";"LIMNI";35285;"J797";"J79-0310";"J7970310";"1968-10-01 00:00:00+00";;13001000200017;"DREAL Bretagne";"HydroPortail/Hydro 2";"2016-07-12 06:25:33+00";10;1;"f";327318;6753513;26;"Métropole"
"-1.97662708378827";"47.6787934146947";1641;"J798061001";;"La Vilaine à Avessac - Painfaut";"LIMNI";44007;"J798";"J---006A";"J7980060";"1996-01-01 00:00:00+00";;13001000200017;"DREAL Bretagne";"Vigicrues/HydroPortail";"2016-07-12 06:25:33+00";10;;"f";326843;6742697;26;"Métropole"
"-2.96530025415037";"48.321967444987";1642;"J800231001";"J8002310";"L'Oust à Saint-Martin-des-Prés - La Ville Rouault";"LIMNI";22313;"J800";"J8--023A";"J8000230";"1978-10-28 00:00:00+00";"2007-11-06 00:00:00+00";13001000200017;"DREAL Bretagne";"HydroPortail/Hydro 2";"2016-07-12 06:25:33+00";10;1;"f";258234;6819100;26;"Métropole"
"-2.96530025415037";"48.321967444987";1643;"J800231002";"J8002320";"L'Oust à Saint-Martin-des-Prés - La Ville Rouault";"LIMNI";22313;"J800";"J8--023A";"J8000230";"2007-11-06 00:00:00+00";;13001000200017;"DREAL Bretagne";"Vigicrues/HydroPortail/Hydro 2";"2016-07-12 06:25:33+00";10;1;"f";258234;6819100;26;"Métropole"
"-2.90139122360719";"48.3004006476006";1644;"J800232001";;"L'Oust à Allineuc [cote barrage Bosméléac]";"LIMNI";22001;"J800";"J8--023A";"J8000230";"2005-03-09 00:00:00+00";;13001000200017;"DREAL Bretagne";"Vigicrues/HydroPortail";"2016-07-12 06:25:30+00";10;;"f";262779;6816354;26;"Métropole"
"-2.81734844768181";"48.1586983542467";1645;"J802231001";"J8022310";"L'Oust à Hémonstoir - Tenoquevel";"LIMNI";22075;"J802";"J8--023A";"J8020230";"1978-10-18 12:00:00+00";"1995-05-01 00:00:00+00";13001000200017;"DREAL Bretagne";"HydroPortail/Hydro 2";"2016-07-12 06:25:33+00";10;1;"f";267835;6800186;26;"Métropole"
"-2.81677577794835";"48.1585191112912";1646;"J802231002";"J8022320";"L'Oust à Hémonstoir - Pont D 69";"DEB";22075;"J802";"J8--023A";"J8020230";"1998-01-01 00:00:00+00";"2009-03-18 00:00:00+00";13001000200017;"DREAL Bretagne";"HydroPortail/Hydro 2";"2016-07-12 06:25:26+00";10;2;"f";267876;6800163;26;"Métropole"
"-2.81677577794835";"48.1585191112912";1647;"J802231003";"J8022330";"L'Oust à Hémonstoir - Pont D 69";"LIMNI";22075;"J802";"J8--023A";"J8020230";"2008-03-18 00:00:00+00";;13001000200017;"DREAL Bretagne";"HydroPortail/Hydro 2";"2016-07-12 06:25:33+00";10;1;"f";267876;6800163;26;"Métropole"
"-2.76915390503888";"48.0875804657103";1648;"J804231001";;"L'Oust à Rohan - Saint Samson";"LIMNI";56198;"J804";"J8--023A";"J8040230";"2004-01-01 00:00:00+00";"2012-09-01 00:00:00+00";13001000200017;"DREAL Bretagne";"HydroPortail";"2016-07-12 06:25:33+00";10;;"f";270832;6792041;26;"Métropole"
"-2.62211491740187";"48.2019862172355";1649;"J813301001";"J8133010";"Le Lié à la Prénessaye - Saint Sauveur le Haut";"LIMNI";22255;"J813";"J81-0300";"J8130300";"1982-01-28 00:00:00+00";;13001000200017;"DREAL Bretagne";"HydroPortail/Hydro 2";"2016-07-12 06:25:30+00";10;1;"f";282656;6803934;26;"Métropole"
"-2.6528242721099";"48.1136430373589";1650;"J814301001";"J8143010";"Le Lié à Plumieux - Pont de la Fosse";"LIMNI";22241;"J814";"J81-0300";"J8140300";"1968-09-06 11:30:00+00";"1983-01-01 06:00:00+00";13001000200017;"DREAL Bretagne";"HydroPortail/Hydro 2";"2016-07-12 06:25:30+00";10;2;"f";279678;6794304;26;"Métropole"
"-2.64054456973879";"47.9835869377788";1651;"J820231001";"J8202310";"Le canal de Nantes à Brest [L'Oust] à Pleugriffet - La Tertraie";"LIMNI";56160;"J820";"----100G";"J820100G";"1984-11-07 12:00:00+00";;13001000200017;"DREAL Bretagne";"HydroPortail/Hydro 2";"2016-11-28 16:03:58+00";10;1;"f";279558;6779823;26;"Métropole"
"-2.65278856831172";"47.9988231563516";1652;"J820231002";"J8202320";"Le canal de Nantes à Brest [L'Oust] à Pleugriffet - Ecluse de Cadoret";"LIMNI";56160;"J820";"----100G";"J820100G";"1999-01-01 00:00:00+00";;13001000200017;"DREAL Bretagne";"Vigicrues/HydroPortail/Hydro 2";"2016-11-28 16:01:35+00";10;2;"f";278768;6781577;26;"Métropole"
"-2.54524425461697";"47.9502628006545";1653;"J820234001";;"L'Oust à Josselin - Ecluse de Josselin - amont";"LIMNI";56091;"J820";"J8--023A";"J8200230";"2004-01-16 00:00:00+00";;13001000200017;"DREAL Bretagne";"Vigicrues/HydroPortail";"2016-11-28 16:13:40+00";10;2;"f";286390;6775626;26;"Métropole"
"-2.46178249790399";"47.938119580211";1654;"J833301001";"J8333010";"Le Ninian à Taupont - Pont D 724";"LIMNI";56249;"J833";"J83-0300";"J8330300";"1968-09-24 12:00:00+00";"1977-02-13 00:00:00+00";13001000200017;"DREAL Bretagne";"HydroPortail/Hydro 2";"2016-07-12 06:25:33+00";10;1;"f";292512;6773846;26;"Métropole"
"-2.36867847177468";"47.994625119375";1655;"J836311001";"J8363110";"L'Yvel à Loyat - Pont D 129";"LIMNI";56122;"J836";"J83-031A";"J8360310";"1967-12-18 00:00:00+00";;13001000200017;"DREAL Bretagne";"HydroPortail/Hydro 2";"2016-07-12 06:25:33+00";10;1;"f";299874;6779634;26;"Métropole"
"-2.43267459159594";"47.9160979807527";1656;"J837301001";;"Le Ninian à Ploërmel - Bezon - échelle crue";"LIMNI";56165;"J837";"J83-0300";"J8370300";"2005-01-14 00:00:00+00";"2013-10-02 04:00:00+00";13001000200017;"DREAL Bretagne";"HydroPortail";"2016-07-12 06:25:33+00";10;;"f";294512;6771255;26;"Métropole"
"-2.43169148117364";"47.9147542980161";1657;"J837301002";"J8373020";"Le Ninian à Ploërmel - Bezon - débit";"DEB";56165;"J837";"J83-0300";"J8370300";"2009-01-01 00:00:00+00";;13001000200017;"DREAL Bretagne";"HydroPortail/Hydro 2";"2016-07-12 06:25:27+00";10;;"f";294575;6771101;26;"Métropole"
"-2.43126517467335";"47.9134750306464";1658;"J837301003";"J8373030";"Le Ninian à Ploërmel - Aval Bezon";"LIMNI";56165;"J837";"J83-0300";"J8370300";"2012-11-11 00:00:00+00";;13001000200017;"DREAL Bretagne";"HydroPortail/Hydro 2";"2016-07-12 06:25:28+00";10;2;"f";294597;6770957;26;"Métropole"
"-2.38282422753519";"47.8119872467679";1659;"J840231001";;"Le canal de Nantes à Brest [L'Oust] à Malestroit - Ecluse de Malestroit - aval";"LIMNI";56124;"J840";"----100G";"J840100G";"2004-01-16 00:00:00+00";;13001000200017;"DREAL Bretagne";"Vigicrues/HydroPortail";"2016-07-12 06:25:33+00";10;;"f";297439;6759459;26;"Métropole"
"-2.71645677289779";"47.8293802136199";1660;"J843301001";"J8433010";"La Claie à Saint-Jean-Brévelay - Moulin de la Forêt";"LIMNI";56222;"J843";"J84-0300";"J8430300";"1968-01-05 14:15:00+00";"1973-11-28 14:00:00+00";13001000200017;"DREAL Bretagne";"HydroPortail/Hydro 2";"2016-07-12 06:25:33+00";10;1;"f";272670;6763140;26;"Métropole"
"-2.70265681958378";"47.8259114894356";1661;"J843301002";"J8433020";"La Claie à Saint-Jean-Brévelay - Ker Hervy";"LIMNI";56222;"J843";"J84-0300";"J8430300";"1973-11-28 14:00:00+00";;13001000200017;"DREAL Bretagne";"HydroPortail/Hydro 2";"2016-11-28 16:10:03+00";10;1;"f";273672;6762681;26;"Métropole"
"-2.42377989162905";"47.786956381845";1662;"J844301001";"J8443010";"La Claie à Saint-Marcel - Route de Bohal";"LIMNI";56228;"J844";"J84-0300";"J8440300";"2005-01-01 00:00:00+00";;13001000200017;"DREAL Bretagne";"HydroPortail/Hydro 2";"2016-07-12 06:25:30+00";10;1;"f";294190;6756894;26;"Métropole"
"-2.25724291049536";"47.7393808452293";1663;"J850231001";;"Le canal de Nantes à Brest [L'Oust] à Saint-Gravé - Ecluse Le Guelin - amont NGF";"LIMNI";56218;"J850";"----100G";"J850100G";"1996-01-01 00:00:00+00";"2016-11-07 13:00:00+00";13001000200017;"DREAL Bretagne";"HydroPortail";"2016-12-16 10:29:27+00";10;2;"f";306280;6750777;26;"Métropole"
"-2.25696155246931";"47.7391048444652";1664;"J850231002";"J8502310";"Le canal de Nantes à Brest [L'Oust] à Saint-Gravé - Ecluse Le Guelin - aval";"LIMNI";56218;"J850";"----100G";"J850100G";"1957-12-01 00:00:00+00";;13001000200017;"DREAL Bretagne";"Vigicrues/HydroPortail/Hydro 2";"2016-07-12 06:25:33+00";10;1;"f";306299;6750745;26;"Métropole"
"-2.25696155246931";"47.7391048444652";1665;"J850231003";;"Le canal de Nantes à Brest [L'Oust] à Saint-Gravé - Ecluse Le Guelin - amont";"LIMNI";56218;"J850";"----100G";"J850100G";"2016-11-07 14:00:00+00";;13001000200017;"DREAL Bretagne";"Vigicrues/HydroPortail";"2016-12-15 16:28:26+00";10;0;"f";306299;6750745;26;"Métropole"
"-2.14299339886812";"47.9823296741708";1666;"J860241001";"J8602410";"L'Aff à Paimpont - Pont du Secret";"LIMNI";35211;"J860";"J8--0240";"J8600240";"1968-09-01 00:00:00+00";;13001000200017;"DREAL Bretagne";"HydroPortail/Hydro 2";"2016-07-12 06:25:33+00";10;1;"f";316581;6777151;26;"Métropole"
"-2.07390945915668";"47.8289763326534";1667;"J863241001";"J8632410";"L'Aff à Quelneuc - La Rivière";"LIMNI";56183;"J863";"J8--0240";"J8630240";"1968-09-12 00:00:00+00";;13001000200017;"DREAL Bretagne";"Vigicrues/HydroPortail/Hydro 2";"2016-07-12 06:25:34+00";10;1;"f";320630;6759813;26;"Métropole"
"-1.95413568944579";"47.8765684724328";1668;"J865301001";"J8653010";"Le Combs à Maure-de-Bretagne - Compessy";"LIMNI";35168;"J865";"J86-0300";"J8650300";"1968-09-26 12:10:00+00";"1996-01-29 10:53:00+00";13001000200017;"DREAL Bretagne";"HydroPortail/Hydro 2";"2016-07-12 06:25:33+00";10;1;"f";329905;6764522;26;"Métropole"
"-2.08351787032647";"47.7845476855723";1669;"J870241001";;"L'Aff à Sixt-sur-Aff - Pont D 55";"LIMNI";35328;"J870";"J8--0240";"J8700240";"2000-01-01 00:00:00+00";"2008-09-01 00:00:00+00";13001000200017;"DREAL Bretagne";"HydroPortail";"2016-07-12 06:25:34+00";10;;"f";319595;6754933;26;"Métropole"
"-2.11853768099613";"47.706031152659";1670;"J880023001";"J8800230";"L'Oust à Saint-Vincent-sur-Oust - L'Ile aux Pies";"DEB";56239;"J880";"J8--023A";"J8800230";"2006-06-01 00:00:00+00";;13001000200017;"DREAL Bretagne";"HydroPortail/Hydro 2";"2016-07-12 06:25:33+00";10;3;"f";316413;6746397;26;"Métropole"
"-2.33713091958148";"47.7107083749008";1671;"J882301001";"J8823010";"L'Arz à Pluherlin - Pont d'Arz";"LIMNI";56171;"J881";"J88-0300";"J8810300";"1968-11-05 17:30:00+00";"1977-08-31 08:45:00+00";13001000200017;"DREAL Bretagne";"HydroPortail/Hydro 2";"2016-07-12 06:25:33+00";10;1;"f";300091;6748000;26;"Métropole"
"-2.08524783966938";"47.6482269566856";1672;"J900001001";;"Le canal de Nantes à Brest à Redon - Ecluse d'Oust";"LIMNI";35236;"J900";"----100G";"J900100G";"1996-01-01 00:00:00+00";;13001000200017;"DREAL Bretagne";"Vigicrues/HydroPortail";"2016-07-12 06:25:33+00";10;;"f";318491;6739827;26;"Métropole"
"-2.08473245312688";"47.6478615713994";1673;"J900061001";;"La Vilaine à Redon - Quai Duguay-Trouin";"LIMNI";35236;"J900";"J---006A";"J9000060";"1996-01-01 00:00:00+00";;13001000200017;"DREAL Bretagne";"Vigicrues/HydroPortail";"2016-07-12 06:25:33+00";10;;"f";318527;6739784;26;"Métropole"
"-1.61246897536363";"47.4760457685784";1674;"J910000101";"J9102510";"L'Isac à Saffré - La Noe Peguille";"LIMNI";44149;"J910";"J9--025A";"J9100250";"2015-09-01 00:00:00+00";;13000610900016;"DREAL Pays de Loire";"HydroPortail/Hydro 2";"2016-07-12 06:25:23+00";10;1;"f";352801;6718553;26;"Métropole"
"-1.74565670065036";"47.5509290813728";1675;"J912441010";"J9124410";"Le Perche [Ruis de Clégreuc] au Gâvre [Le Bas-Luc]";"LIMNI";44062;"J912";"J9124000";"J9124000";"2001-11-28 12:00:00+00";"2005-01-05 10:00:00+00";13000610900016;"DREAL Pays de Loire";"HydroPortail/Hydro 2";"2016-07-12 06:24:57+00";10;1;"f";343287;6727451;26;"Métropole"
"-1.92269899115555";"47.4974220856437";1676;"J920251010";"J9202510";"L'Isac à Guenrouet [Melneuf]";"LIMNI";44068;"J920";"J9--025A";"J9200250";"2001-03-01 00:00:00+00";;13000610900016;"DREAL Pays de Loire";"HydroPortail/Hydro 2";"2016-07-12 06:24:58+00";10;;"f";329626;6722333;26;"Métropole"
"-2.12636042076056";"47.5801122919156";1677;"J930061101";"J9300611";"La Vilaine à Rieux - Pont de Cran";"DEB";56194;"J930";"J---006A";"J9300060";"2002-08-07 00:00:00+00";;13001000200017;"DREAL Bretagne";"HydroPortail/Hydro 2";"2016-07-12 06:25:34+00";10;3;"f";314920;6732475;26;"Métropole"
